RT,Syllable,Position,Block,Subject,Condition,Trial
0.7213,pu,2,1,0,1,11
1.115,pu,2,1,0,1,21
0.5683,pu,2,1,0,1,26
0.4479,pu,2,1,0,1,35
0.6892,ta,1,1,0,1,10
0.4518,ta,1,1,0,1,16
0.8699,ta,1,1,0,1,29
0.9019,ta,1,1,0,1,41
0.5571,me,3,1,0,1,6
0.5364,me,3,1,0,1,27
0.465,me,3,1,0,1,33
0.4654,me,3,1,0,1,42
0.7209,fe,1,1,0,1,22
0.1849,ko,3,1,0,1,8
0.5596,ko,3,1,0,1,21
0.6047,ko,3,1,0,1,27
0.6339,ko,3,1,0,1,39
0.5241,ti,2,1,0,1,11
0.6156,ti,2,1,0,1,17
0.7182,ti,2,1,0,1,38
0.5664,ni,3,1,0,1,6
0.5028,ni,3,1,0,1,36
0.3725,ni,3,1,0,1,45
0.5333,re,1,1,0,1,7
0.6484,re,1,1,0,1,13
0.7353,re,1,1,0,1,19
0.6564,re,1,1,0,1,31
0.54,fu,2,1,0,1,8
0.7688,fu,2,1,0,1,15
0.5207,fu,2,1,0,1,20
0.5268,ru,1,1,0,1,7
0.6687,ru,1,1,0,1,28
0.636,ru,1,1,0,1,34
0.6011,ru,1,1,0,1,40
0.519,ge,2,1,0,1,14
0.3041,ge,2,1,0,1,19
0.5016,ge,2,1,0,1,32
1.0539,su,3,1,0,1,7
0.5344,su,3,1,0,1,24
0.4676,su,3,1,0,1,39
0.4981,ta,1,2,0,1,10
0.6476,ta,1,2,0,1,22
0.632,ta,1,2,0,1,31
0.5331,ta,1,2,0,1,43
0.6959,ti,2,2,0,1,8
0.7323,ti,2,2,0,1,20
0.5501,ti,2,2,0,1,26
0.668,me,3,2,0,1,6
0.6012,me,3,2,0,1,27
0.6187,me,3,2,0,1,33
0.4846,me,3,2,0,1,42
0.554,pu,2,2,0,1,8
1.1048,pu,2,2,0,1,27
0.8062,pu,2,2,0,1,36
0.5003,su,3,2,0,1,9
0.6163,su,3,2,0,1,21
0.6023,su,3,2,0,1,27
0.5357,su,3,2,0,1,36
0.5743,ru,1,2,0,1,10
0.6499,ru,1,2,0,1,25
0.8389,ru,1,2,0,1,35
1.0244,ru,1,2,0,1,41
0.5158,ko,3,2,0,1,12
0.558,ko,3,2,0,1,27
0.6232,ko,3,2,0,1,36
0.8359,re,1,2,0,1,14
0.9237,re,1,2,0,1,20
0.8544,re,1,2,0,1,32
0.6527,fu,2,2,0,1,5
0.624,fu,2,2,0,1,32
0.6497,ni,3,2,0,1,12
0.6523,ni,3,2,0,1,27
0.5821,ni,3,2,0,1,36
0.738,ni,3,2,0,1,42
0.4548,ge,2,2,0,1,8
0.4676,ge,2,2,0,1,14
1.0368,ge,2,2,0,1,21
0.4688,ge,2,2,0,1,32
0.568,fe,1,2,0,1,4
0.7881,fe,1,2,0,1,17
0.6047,fe,1,2,0,1,31
0.5141,me,3,3,0,1,6
0.6221,me,3,3,0,1,18
0.5049,me,3,3,0,1,24
0.7169,me,3,3,0,1,36
0.7379,ti,2,3,0,1,5
0.6684,ti,2,3,0,1,23
0.7686,ti,2,3,0,1,30
0.6206,ti,2,3,0,1,38
0.5216,ta,1,3,0,1,16
1.1137,ta,1,3,0,1,29
0.6066,ta,1,3,0,1,40
0.5606,pu,2,3,0,1,8
0.6022,pu,2,3,0,1,14
0.6587,pu,2,3,0,1,20
0.5013,pu,2,3,0,1,35
0.5855,ko,3,3,0,1,9
0.6159,ko,3,3,0,1,15
0.6,ko,3,3,0,1,30
0.9477,ko,3,3,0,1,43
0.5706,fe,1,3,0,1,10
0.5018,ge,2,3,0,1,5
0.4853,ge,2,3,0,1,14
0.7349,ge,2,3,0,1,20
0.6018,ge,2,3,0,1,38
0.6916,ru,1,3,0,1,4
1.1513,ru,1,3,0,1,27
0.5545,ru,1,3,0,1,34
0.6007,ru,1,3,0,1,43
0.5268,su,3,3,0,1,12
0.5,su,3,3,0,1,18
0.5892,su,3,3,0,1,30
0.6162,re,1,3,0,1,7
0.5492,re,1,3,0,1,13
0.5701,re,1,3,0,1,19
0.4999,re,1,3,0,1,31
0.6228,ni,3,3,0,1,15
0.5914,ni,3,3,0,1,21
1.0593,ni,3,3,0,1,37
0.5183,fu,2,3,0,1,5
0.8386,fu,2,3,0,1,18
0.6535,fu,2,3,0,1,41
0.6178,me,3,1,1,1,9
0.6042,me,3,1,1,1,30
0.8691,me,3,1,1,1,46
0.6789,ti,2,1,1,1,11
0.8014,ti,2,1,1,1,24
0.6704,ti,2,1,1,1,29
0.5693,ti,2,1,1,1,44
0.4356,ta,1,1,1,1,7
0.4728,ta,1,1,1,1,13
0.487,ta,1,1,1,1,28
0.5219,ta,1,1,1,1,40
0.471,pu,2,1,1,1,8
0.4563,pu,2,1,1,1,29
0.4772,pu,2,1,1,1,35
0.1866,pu,2,1,1,1,40
0.4534,ko,3,1,1,1,6
0.5064,ko,3,1,1,1,18
0.4845,ko,3,1,1,1,30
0.5367,ko,3,1,1,1,42
0.6169,fe,1,1,1,1,4
0.5019,fe,1,1,1,1,16
0.5387,fe,1,1,1,1,31
0.5366,ge,2,1,1,1,5
0.5116,ge,2,1,1,1,17
0.5828,ge,2,1,1,1,29
0.5411,ge,2,1,1,1,41
0.4859,ru,1,1,1,1,7
0.5401,ru,1,1,1,1,13
0.5187,ru,1,1,1,1,25
0.4876,ru,1,1,1,1,34
0.4043,su,3,1,1,1,12
0.472,su,3,1,1,1,21
0.4336,su,3,1,1,1,36
0.4558,su,3,1,1,1,42
0.6169,ni,3,1,1,1,6
0.541,ni,3,1,1,1,27
0.5058,ni,3,1,1,1,36
0.5007,ni,3,1,1,1,45
0.5503,fu,2,1,1,1,11
0.6339,fu,2,1,1,1,32
0.5874,pu,2,1,1,1,26
0.4244,pu,2,1,1,1,41
0.5522,ta,1,1,1,1,4
0.4861,ta,1,1,1,1,16
0.5564,ta,1,1,1,1,25
0.4905,ta,1,1,1,1,31
0.7208,me,3,1,1,1,15
0.7683,me,3,1,1,1,34
0.7883,me,3,1,1,1,43
0.5757,fe,1,1,1,1,13
0.5896,fe,1,1,1,1,31
0.6867,fe,1,1,1,1,37
0.7679,fe,1,1,1,1,44
0.5411,ko,3,1,1,1,9
0.4788,ko,3,1,1,1,15
0.5384,ko,3,1,1,1,21
0.5871,ko,3,1,1,1,45
0.6202,ti,2,1,1,1,14
0.6919,ti,2,1,1,1,32
0.6205,ti,2,1,1,1,38
0.5541,ti,2,1,1,1,44
0.4857,ni,3,1,1,1,9
0.57,ni,3,1,1,1,15
0.5527,ni,3,1,1,1,21
0.5848,ni,3,1,1,1,36
0.6997,fu,2,1,1,1,8
0.6052,fu,2,1,1,1,14
0.6179,ru,1,1,1,1,10
0.4826,ru,1,1,1,1,34
0.4198,ru,1,1,1,1,40
0.3879,ge,2,1,1,1,20
0.4377,su,3,1,1,1,6
0.4009,su,3,1,1,1,24
0.5169,su,3,1,1,1,30
0.4871,su,3,1,1,1,39
0.5083,ta,1,1,1,1,4
0.5768,ta,1,1,1,1,16
0.5369,ta,1,1,1,1,25
0.7512,ta,1,1,1,1,32
0.5222,ti,2,1,1,1,5
0.4178,ti,2,1,1,1,11
0.5541,ti,2,1,1,1,35
0.5034,ti,2,1,1,1,44
0.1872,me,3,1,1,1,23
0.5491,pu,2,1,1,1,8
0.5167,pu,2,1,1,1,14
0.5678,pu,2,1,1,1,20
0.4554,pu,2,1,1,1,35
0.4986,su,3,1,1,1,6
0.5018,su,3,1,1,1,12
0.4674,su,3,1,1,1,36
0.44,su,3,1,1,1,45
0.5172,ru,1,1,1,1,10
0.553,ru,1,1,1,1,25
0.5583,ru,1,1,1,1,34
0.9367,ru,1,1,1,1,41
0.7867,ko,3,1,1,1,13
0.4856,ko,3,1,1,1,27
0.6403,ko,3,1,1,1,36
0.5341,ni,3,1,1,1,12
0.5349,ni,3,1,1,1,27
0.5343,ni,3,1,1,1,36
0.5578,ni,3,1,1,1,42
0.95,ge,2,1,1,1,6
0.7001,ge,2,1,1,1,20
0.7051,ge,2,1,1,1,38
0.4284,fe,1,1,1,1,10
0.5897,fe,1,1,1,1,16
0.5897,fe,1,1,1,1,28
0.5348,fe,1,1,1,1,37
0.4349,pu,2,1,2,1,8
0.7195,pu,2,1,2,1,29
0.4337,pu,2,1,2,1,35
0.391200001,pu,2,1,2,1,41
0.5051,ta,1,1,2,1,4
0.4013,ta,1,1,2,1,25
0.5606,me,3,1,2,1,6
0.434200001,me,3,1,2,1,18
0.4728,me,3,1,2,1,30
0.441499999,me,3,1,2,1,42
0.3588,fe,1,1,2,1,9
0.434699999,fe,1,1,2,1,28
0.4527,fe,1,1,2,1,37
0.4023,ko,3,1,2,1,6
0.340299999,ko,3,1,2,1,17
0.335200001,ko,3,1,2,1,29
0.301099999,ko,3,1,2,1,41
0.8874,ti,2,1,2,1,21
0.4905,ti,2,1,2,1,26
0.4852,ti,2,1,2,1,35
0.5369,ni,3,1,2,1,6
0.498799999,ni,3,1,2,1,27
0.348700001,ni,3,1,2,1,35
0.4654,ni,3,1,2,1,45
0.5175,re,1,1,2,1,13
0.4715,re,1,1,2,1,19
0.5006,re,1,1,2,1,31
0.6348,re,1,1,2,1,43
0.4025,fu,2,1,2,1,8
0.6349,fu,2,1,2,1,14
0.417900001,fu,2,1,2,1,29
0.6336,fu,2,1,2,1,41
0.482500001,ru,1,1,2,1,7
0.523800001,ru,1,1,2,1,13
0.4069,ru,1,1,2,1,25
0.4102,ru,1,1,2,1,34
0.5339,ge,2,1,2,1,5
0.3998,ge,2,1,2,1,17
0.442,ge,2,1,2,1,29
0.452,ge,2,1,2,1,41
0.4476,su,3,1,2,1,12
0.423599999,su,3,1,2,1,21
0.3448,su,3,1,2,1,35
0.6415,su,3,1,2,1,42
0.6025,ta,1,1,2,1,7
0.460700001,ta,1,1,2,1,19
0.570599999,ta,1,1,2,1,25
0.9074,ta,1,1,2,1,38
0.4001,ti,2,1,2,1,5
0.434099999,ti,2,1,2,1,11
0.4567,ti,2,1,2,1,35
0.5582,ti,2,1,2,1,44
0.6004,me,3,1,2,1,15
0.4843,me,3,1,2,1,21
0.586499999,me,3,1,2,1,33
0.427899999,me,3,1,2,1,45
0.393400001,pu,2,1,2,1,8
0.579700001,pu,2,1,2,1,29
0.533800001,pu,2,1,2,1,35
0.4842,pu,2,1,2,1,41
0.502200001,su,3,1,2,1,12
0.6017,su,3,1,2,1,21
0.7045,su,3,1,2,1,36
0.3838,su,3,1,2,1,42
0.4836,ru,1,1,2,1,7
0.766599999,ru,1,1,2,1,14
0.5102,ru,1,1,2,1,25
0.6137,ru,1,1,2,1,34
0.429400001,ko,3,1,2,1,12
0.8165,ko,3,1,2,1,19
0.4007,ko,3,1,2,1,30
0.5289,ko,3,1,2,1,42
0.921799999,re,1,1,2,1,5
0.5865,re,1,1,2,1,25
0.552899999,re,1,1,2,1,31
0.825000001,re,1,1,2,1,41
0.4606,fu,2,1,2,1,8
0.433900001,fu,2,1,2,1,14
0.474900001,fu,2,1,2,1,20
0.5172,fu,2,1,2,1,44
0.723099999,ni,3,1,2,1,12
0.4759,ni,3,1,2,1,21
0.5108,ni,3,1,2,1,27
0.417299999,ni,3,1,2,1,36
0.407700001,ge,2,1,2,1,5
0.400200001,ge,2,1,2,1,32
0.8265,ge,2,1,2,1,45
0.4861,fe,1,1,2,1,4
0.521,fe,1,1,2,1,22
0.510899999,fe,1,1,2,1,28
0.560700001,fe,1,1,2,1,37
0.4446,me,3,1,2,1,15
0.4323,me,3,1,2,1,33
0.4438,me,3,1,2,1,45
0.499500001,ti,2,1,2,1,5
0.5352,ti,2,1,2,1,23
0.542599999,ti,2,1,2,1,29
0.612,ti,2,1,2,1,38
0.588,ta,1,1,2,1,10
0.839200001,ta,1,1,2,1,41
0.521099999,pu,2,1,2,1,8
0.567,pu,2,1,2,1,29
0.8591,pu,2,1,2,1,36
0.4567,pu,2,1,2,1,41
0.382999999,ko,3,1,2,1,12
0.466699999,ko,3,1,2,1,27
0.389999999,ko,3,1,2,1,36
0.510700001,ko,3,1,2,1,42
0.498699999,fe,1,1,2,1,7
0.683200001,fe,1,1,2,1,19
0.3863,fe,1,1,2,1,34
0.5086,ge,2,1,2,1,14
0.4071,ge,2,1,2,1,32
0.400599999,ge,2,1,2,1,41
0.637200001,ru,1,1,2,1,16
0.446,ru,1,1,2,1,25
0.387000001,ru,1,1,2,1,34
0.4845,ru,1,1,2,1,40
0.5172,su,3,1,2,1,12
1.141,su,3,1,2,1,47
0.4213,re,1,1,2,1,4
0.6355,re,1,1,2,1,25
0.8173,re,1,1,2,1,32
0.7669,re,1,1,2,1,41
0.621599999,ni,3,1,2,1,18
0.5906,ni,3,1,2,1,36
0.667199999,ni,3,1,2,1,42
0.4882,fu,2,1,2,1,5
0.4428,fu,2,1,2,1,17
0.6203,fu,2,1,2,1,26
0.500199999,fu,2,1,2,1,32
0.581,pu,2,1,3,1,14
0.716,pu,2,1,3,1,38
0.454,ta,1,1,3,1,13
0.583,ta,1,1,3,1,19
0.55,ta,1,1,3,1,43
0.485,me,3,1,3,1,15
0.504,me,3,1,3,1,24
0.482,me,3,1,3,1,33
0.504,me,3,1,3,1,42
0.567,fe,1,1,3,1,10
0.463,ko,3,1,3,1,6
0.427,ko,3,1,3,1,18
0.509,ko,3,1,3,1,30
0.431,ko,3,1,3,1,42
0.486,ti,2,1,3,1,5
0.437,ti,2,1,3,1,17
0.42,ti,2,1,3,1,32
0.545,ni,3,1,3,1,12
0.51,ni,3,1,3,1,21
0.607,ni,3,1,3,1,27
0.569,ni,3,1,3,1,45
0.474,re,1,1,3,1,7
0.694,re,1,1,3,1,13
0.614,re,1,1,3,1,19
0.505,re,1,1,3,1,31
0.631,fu,2,1,3,1,41
0.601,ru,1,1,3,1,10
0.891,ru,1,1,3,1,20
0.582,ru,1,1,3,1,25
0.542,ru,1,1,3,1,43
0.497,ge,2,1,3,1,5
0.451,ge,2,1,3,1,14
0.525,ge,2,1,3,1,32
0.596,ge,2,1,3,1,44
0.507,su,3,1,3,1,9
0.507,su,3,1,3,1,21
0.57,su,3,1,3,1,36
0.58,me,3,1,3,1,6
0.565,me,3,1,3,1,15
0.654,me,3,1,3,1,21
0.577,ti,2,1,3,1,11
0.639,ti,2,1,3,1,23
0.506,ti,2,1,3,1,44
0.663,ta,1,1,3,1,4
0.69,ta,1,1,3,1,16
0.483,pu,2,1,3,1,8
0.48,pu,2,1,3,1,44
0.462,ko,3,1,3,1,9
0.542,ko,3,1,3,1,21
0.593,ko,3,1,3,1,39
0.833,fe,1,1,3,1,5
0.541,fe,1,1,3,1,34
0.613,fe,1,1,3,1,43
0.478,ge,2,1,3,1,5
0.457,ge,2,1,3,1,14
0.88,ge,2,1,3,1,21
0.452,ge,2,1,3,1,38
0.646,ru,1,1,3,1,10
0.55,ru,1,1,3,1,25
0.551,ru,1,1,3,1,34
0.55,ru,1,1,3,1,40
0.514,su,3,1,3,1,6
0.507,su,3,1,3,1,24
0.908,su,3,1,3,1,31
0.591,su,3,1,3,1,39
0.562,re,1,1,3,1,4
0.551,re,1,1,3,1,16
0.578,re,1,1,3,1,28
0.526,re,1,1,3,1,40
0.501,ni,3,1,3,1,18
0.548,ni,3,1,3,1,27
0.638,ni,3,1,3,1,36
0.711,ni,3,1,3,1,42
0.945,fu,2,1,3,1,24
0.698,ta,1,1,3,1,7
0.645,ta,1,1,3,1,13
0.715,ta,1,1,3,1,28
0.565,ti,2,1,3,1,5
0.643,ti,2,1,3,1,11
0.554,ti,2,1,3,1,35
0.633,me,3,1,3,1,6
0.714,me,3,1,3,1,15
0.515,pu,2,1,3,1,8
0.482,pu,2,1,3,1,29
0.539,pu,2,1,3,1,35
0.598,pu,2,1,3,1,41
0.545,su,3,1,3,1,6
0.572,su,3,1,3,1,24
0.488,su,3,1,3,1,30
0.609,su,3,1,3,1,39
0.583,ru,1,1,3,1,4
0.583,ru,1,1,3,1,25
0.649,ru,1,1,3,1,34
0.894,ru,1,1,3,1,44
0.511,ko,3,1,3,1,12
0.546,ko,3,1,3,1,27
0.455,ko,3,1,3,1,36
0.687,re,1,1,3,1,4
0.56,re,1,1,3,1,16
0.652,re,1,1,3,1,28
0.977,re,1,1,3,1,41
0.536,fu,2,1,3,1,11
0.355,fu,2,1,3,1,22
1.053,fu,2,1,3,1,33
0.701,fu,2,1,3,1,44
0.533,ni,3,1,3,1,12
0.668,ni,3,1,3,1,27
0.713,ni,3,1,3,1,36
0.574,ni,3,1,3,1,42
0.464,ge,2,1,3,1,14
0.461,ge,2,1,3,1,20
0.448,ge,2,1,3,1,32
0.408,ge,2,1,3,1,44
0.566,fe,1,1,3,1,10
0.969,me,3,1,4,1,10
0.555,me,3,1,4,1,15
0.435,me,3,1,4,1,33
0.653,ti,2,1,4,1,20
0.503,ti,2,1,4,1,26
0.324,ti,2,1,4,1,34
0.4,ta,1,1,4,1,10
0.54,ta,1,1,4,1,40
1.176,pu,2,1,4,1,10
0.432,ko,3,1,4,1,6
0.501,ko,3,1,4,1,18
0.552,ko,3,1,4,1,30
0.523,ko,3,1,4,1,42
0.458,fe,1,1,4,1,4
0.933,fe,1,1,4,1,38
0.567,ge,2,1,4,1,5
0.218,ge,2,1,4,1,25
0.486,ge,2,1,4,1,32
0.725,ge,2,1,4,1,41
0.583,ru,1,1,4,1,7
0.436,ru,1,1,4,1,28
0.669,ru,1,1,4,1,40
0.351,su,3,1,4,1,5
0.417,su,3,1,4,1,12
0.353,su,3,1,4,1,35
0.41,su,3,1,4,1,45
0.502,re,1,1,4,1,7
0.453,re,1,1,4,1,28
0.616,re,1,1,4,1,37
0.389,ni,3,1,4,1,15
0.555,fu,2,1,4,1,11
0.673,fu,2,1,4,1,29
0.519,pu,2,1,4,1,8
0.433,pu,2,1,4,1,14
0.668,pu,2,1,4,1,20
0.192,pu,2,1,4,1,34
0.389,ta,1,1,4,1,10
0.531,ta,1,1,4,1,31
0.858,ta,1,1,4,1,44
0.468,me,3,1,4,1,21
0.918,me,3,1,4,1,34
0.62,fe,1,1,4,1,16
0.435,fe,1,1,4,1,28
0.603,fe,1,1,4,1,37
0.519,ko,3,1,4,1,24
0.918,ko,3,1,4,1,34
0.465,ko,3,1,4,1,39
0.668,ko,3,1,4,1,45
0.403,ti,2,1,4,1,23
0.477,ti,2,1,4,1,38
0.519,ni,3,1,4,1,12
0.932,ni,3,1,4,1,28
0.521,ni,3,1,4,1,42
0.544,re,1,1,4,1,7
0.604,re,1,1,4,1,28
0.484,re,1,1,4,1,37
0.65,re,1,1,4,1,43
0.523,fu,2,1,4,1,20
0.819,fu,2,1,4,1,27
0.607,ru,1,1,4,1,10
0.604,ru,1,1,4,1,19
0.916,ru,1,1,4,1,26
0.137,ge,2,1,4,1,4
0.604,ge,2,1,4,1,26
0.39,su,3,1,4,1,6
0.487,su,3,1,4,1,12
0.531,su,3,1,4,1,33
0.55,su,3,1,4,1,39
0.604,ta,1,1,4,1,31
0.616,ta,1,1,4,1,37
0.469,ti,2,1,4,1,11
0.468,ti,2,1,4,1,23
0.601,ti,2,1,4,1,29
0.501,ti,2,1,4,1,44
0.543,me,3,1,4,1,15
0.002,me,3,1,4,1,23
0.654,pu,2,1,4,1,11
0.542,pu,2,1,4,1,26
0.51,pu,2,1,4,1,44
0.44,su,3,1,4,1,15
0.633,su,3,1,4,1,39
0.62,su,3,1,4,1,45
0.47,ru,1,1,4,1,7
0.47,ru,1,1,4,1,13
0.539,ru,1,1,4,1,43
0.586,ko,3,1,4,1,6
0.824,ko,3,1,4,1,19
0.434,ko,3,1,4,1,33
0.499,re,1,1,4,1,7
0.639,re,1,1,4,1,13
0.836,re,1,1,4,1,20
0.536,re,1,1,4,1,31
0.571,fu,2,1,4,1,11
0.033,fu,2,1,4,1,22
0.505,fu,2,1,4,1,44
0.468,ni,3,1,4,1,15
0.501,ge,2,1,4,1,5
0.487,ge,2,1,4,1,14
0.491,ge,2,1,4,1,20
0.386,ge,2,1,4,1,38
0.505,fe,1,1,4,1,10
0.531,fe,1,1,4,1,22
0.328,ta,1,1,5,1,6
0.942,ta,1,1,5,1,41
0.36,ti,2,1,5,1,4
0.683,ti,2,1,5,1,17
0.335,ti,2,1,5,1,31
0.318,me,3,1,5,1,5
0.323,me,3,1,5,1,14
0.452,pu,2,1,5,1,11
0.55,pu,2,1,5,1,20
0.351,pu,2,1,5,1,25
0.459,pu,2,1,5,1,35
0.418,su,3,1,5,1,33
0.484,su,3,1,5,1,39
0.602,su,3,1,5,1,45
0.524,ru,1,1,5,1,10
0.437,ru,1,1,5,1,19
0.409,ru,1,1,5,1,25
0.69,ru,1,1,5,1,34
0.441,ko,3,1,5,1,12
0.385,ko,3,1,5,1,24
0.248,ko,3,1,5,1,32
0.705,ko,3,1,5,1,45
0.409,re,1,1,5,1,4
0.373,re,1,1,5,1,13
0.603,re,1,1,5,1,19
0.534,re,1,1,5,1,37
0.475,fu,2,1,5,1,8
0.402,fu,2,1,5,1,20
0.649,fu,2,1,5,1,38
0.386,ni,3,1,5,1,9
0.542,ni,3,1,5,1,15
0.525,ni,3,1,5,1,39
0.413,ni,3,1,5,1,45
0.451,fe,1,1,5,1,10
0.583,fe,1,1,5,1,22
0.22,me,3,1,5,1,5
0.273,me,3,1,5,1,17
0.351,me,3,1,5,1,23
0.25,me,3,1,5,1,35
0.522,ti,2,1,5,1,11
0.443,ti,2,1,5,1,41
0.27,ta,1,1,5,1,3
1.073,ta,1,1,5,1,17
0.42,ta,1,1,5,1,28
0.669,pu,2,1,5,1,17
0.557,pu,2,1,5,1,26
0.519,pu,2,1,5,1,35
0.501,pu,2,1,5,1,41
0.426,ko,3,1,5,1,12
0.386,ko,3,1,5,1,30
0.475,ko,3,1,5,1,42
0.57,ge,2,1,5,1,5
0.248,ge,2,1,5,1,25
0.471,ge,2,1,5,1,32
0.387,ge,2,1,5,1,41
0.403,ru,1,1,5,1,7
0.52,ru,1,1,5,1,13
0.483,ru,1,1,5,1,37
0.504,ru,1,1,5,1,43
0.436,su,3,1,5,1,6
0.65,su,3,1,5,1,30
0.527,su,3,1,5,1,39
0.387,re,1,1,5,1,4
0.569,re,1,1,5,1,25
0.803,re,1,1,5,1,32
0.45,re,1,1,5,1,40
1.1,ni,3,1,5,1,16
0.489,ni,3,1,5,1,39
0.469,ni,3,1,5,1,45
0.477,fu,2,1,5,1,11
0.902,fu,2,1,5,1,18
0.571,fu,2,1,5,1,29
0.49,fu,2,1,5,1,41
0.443,pu,2,1,5,1,8
0.402,pu,2,1,5,1,14
0.32,pu,2,1,5,1,19
0.134,pu,2,1,5,1,34
0.419,ta,1,1,5,1,10
0.519,ta,1,1,5,1,25
0.786,ta,1,1,5,1,35
0.574,ta,1,1,5,1,40
0.319,me,3,1,5,1,17
0.387,me,3,1,5,1,24
0.398,me,3,1,5,1,36
0.45,ko,3,1,5,1,12
0.406,ko,3,1,5,1,24
0.45,ko,3,1,5,1,33
0.457,ko,3,1,5,1,45
0.591,ti,2,1,5,1,14
0.402,ti,2,1,5,1,32
0.617,ti,2,1,5,1,38
0.459,ti,2,1,5,1,44
0.435,ni,3,1,5,1,6
0.386,ni,3,1,5,1,27
0.537,ni,3,1,5,1,36
0.575,ni,3,1,5,1,45
0.552,re,1,1,5,1,4
0.634,re,1,1,5,1,16
0.641,re,1,1,5,1,28
0.518,re,1,1,5,1,40
0.503,fu,2,1,5,1,14
0.468,fu,2,1,5,1,29
0.468,fu,2,1,5,1,41
0.317,ru,1,1,5,1,9
0.453,ru,1,1,5,1,25
0.533,ru,1,1,5,1,34
0.14,ge,2,1,5,1,4
0.439,ge,2,1,5,1,23
0.409,su,3,1,5,1,15
0.434,su,3,1,5,1,33
0.733,su,3,1,5,1,39
0.639,su,3,1,5,1,45
0.741,pu,2,1,6,1,17
0.358,pu,2,1,6,1,25
0.542,pu,2,1,6,1,35
0.484,pu,2,1,6,1,41
0.851,ta,1,1,6,1,8
0.428,ta,1,1,6,1,19
0.567,ta,1,1,6,1,43
0.525,me,3,1,6,1,15
0.52,me,3,1,6,1,24
0.507,me,3,1,6,1,33
0.486,me,3,1,6,1,42
0.594,ko,3,1,6,1,9
0.57,ko,3,1,6,1,21
0.833,ko,3,1,6,1,40
0.084,ti,2,1,6,1,10
0.083,ti,2,1,6,1,16
0.813,ti,2,1,6,1,30
0.03,ti,2,1,6,1,37
0.584,ni,3,1,6,1,12
0.536,re,1,1,6,1,7
0.457,re,1,1,6,1,28
0.533,re,1,1,6,1,37
0.534,re,1,1,6,1,43
0.593,fu,2,1,6,1,8
0.503,fu,2,1,6,1,14
0.437,fu,2,1,6,1,29
0.419,fu,2,1,6,1,41
0.525,ru,1,1,6,1,7
0.567,ru,1,1,6,1,28
0.536,ru,1,1,6,1,34
0.705,ru,1,1,6,1,40
0.454,ge,2,1,6,1,14
0.521,ge,2,1,6,1,23
0.443,ge,2,1,6,1,32
0.439,ge,2,1,6,1,41
0.667,su,3,1,6,1,45
0.536,me,3,1,6,1,6
0.554,me,3,1,6,1,18
0.485,me,3,1,6,1,24
0.539,ti,2,1,6,1,5
0.201,ti,2,1,6,1,22
0.087,ti,2,1,6,1,28
0.253,ti,2,1,6,1,37
0.485,ta,1,1,6,1,31
0.451,ta,1,1,6,1,37
0.424,ta,1,1,6,1,43
0.393,pu,2,1,6,1,8
0.601,pu,2,1,6,1,29
0.505,pu,2,1,6,1,35
0.541,pu,2,1,6,1,41
0.558,ko,3,1,6,1,9
0.539,ko,3,1,6,1,15
0.872,ko,3,1,6,1,43
0.419,ge,2,1,6,1,14
0.389,ge,2,1,6,1,32
0.501,ge,2,1,6,1,44
0.54,ru,1,1,6,1,10
0.536,ru,1,1,6,1,25
0.674,ru,1,1,6,1,34
0.71,ru,1,1,6,1,40
0.451,su,3,1,6,1,12
0.484,su,3,1,6,1,21
0.406,su,3,1,6,1,36
0.521,su,3,1,6,1,42
0.507,re,1,1,6,1,13
0.467,re,1,1,6,1,22
0.583,re,1,1,6,1,40
0.588,ni,3,1,6,1,9
0.605,ni,3,1,6,1,15
0.652,ni,3,1,6,1,27
0.518,ni,3,1,6,1,36
0.575,fu,2,1,6,1,11
0.536,fu,2,1,6,1,26
0.684,fu,2,1,6,1,35
0.486,fu,2,1,6,1,41
0.385,ta,1,1,6,1,4
0.452,ta,1,1,6,1,28
0.204,ti,2,1,6,1,4
0.521,ti,2,1,6,1,11
0.167,ti,2,1,6,1,31
0.158,ti,2,1,6,1,37
0.587,me,3,1,6,1,6
0.488,me,3,1,6,1,18
0.705,me,3,1,6,1,24
0.601,pu,2,1,6,1,11
0.553,pu,2,1,6,1,20
0.635,pu,2,1,6,1,26
0.47,pu,2,1,6,1,35
0.568,ru,1,1,6,1,10
0.536,ru,1,1,6,1,19
0.452,ru,1,1,6,1,25
0.507,ru,1,1,6,1,43
0.524,ko,3,1,6,1,6
0.569,ko,3,1,6,1,18
0.602,ko,3,1,6,1,30
0.569,re,1,1,6,1,4
0.536,re,1,1,6,1,13
0.535,re,1,1,6,1,31
0.617,re,1,1,6,1,43
0.469,fu,2,1,6,1,5
0.486,fu,2,1,6,1,17
0.468,fu,2,1,6,1,29
0.654,fu,2,1,6,1,41
0.518,ni,3,1,6,1,9
0.587,ni,3,1,6,1,15
0.523,ni,3,1,6,1,21
0.508,ge,2,1,6,1,5
0.506,ge,2,1,6,1,17
0.652,ge,2,1,6,1,41
0.519,fe,1,1,6,1,10
0.572,fe,1,1,6,1,40
0.533,ta,1,1,7,1,10
0.436,ta,1,1,7,1,16
0.519,ta,1,1,7,1,28
0.486,ta,1,1,7,1,40
0.418,ti,2,1,7,1,11
0.593,ti,2,1,7,1,23
0.617,ti,2,1,7,1,29
0.387,ti,2,1,7,1,44
0.452,me,3,1,7,1,6
0.409,me,3,1,7,1,15
0.452,me,3,1,7,1,21
0.45,me,3,1,7,1,39
0.397,pu,2,1,7,1,11
0.443,pu,2,1,7,1,20
0.41,pu,2,1,7,1,44
0.475,su,3,1,7,1,9
0.451,su,3,1,7,1,21
0.626,su,3,1,7,1,27
0.441,su,3,1,7,1,36
0.452,ru,1,1,7,1,7
0.471,ru,1,1,7,1,13
0.503,ru,1,1,7,1,25
0.451,ru,1,1,7,1,34
0.518,ko,3,1,7,1,9
0.434,ko,3,1,7,1,15
0.467,ko,3,1,7,1,21
0.455,ko,3,1,7,1,45
0.475,re,1,1,7,1,4
0.435,re,1,1,7,1,25
0.456,re,1,1,7,1,31
0.517,re,1,1,7,1,40
0.522,fu,2,1,7,1,8
0.618,fu,2,1,7,1,14
0.601,ni,3,1,7,1,9
0.602,ni,3,1,7,1,15
0.651,ni,3,1,7,1,39
0.836,ni,3,1,7,1,46
0.457,ge,2,1,7,1,5
0.435,ge,2,1,7,1,14
0.474,ge,2,1,7,1,20
0.391,ge,2,1,7,1,38
0.475,fe,1,1,7,1,7
0.72,fe,1,1,7,1,19
0.737,fe,1,1,7,1,25
0.441,fe,1,1,7,1,34
0.453,pu,2,1,7,1,8
0.388,pu,2,1,7,1,26
0.458,pu,2,1,7,1,35
0.459,ta,1,1,7,1,7
0.487,ta,1,1,7,1,13
0.503,ta,1,1,7,1,43
0.434,me,3,1,7,1,15
0.484,me,3,1,7,1,24
0.469,me,3,1,7,1,33
0.475,me,3,1,7,1,42
0.618,fe,1,1,7,1,10
0.635,fe,1,1,7,1,34
0.569,fe,1,1,7,1,43
0.433,ko,3,1,7,1,12
1.102,ko,3,1,7,1,19
0.568,ko,3,1,7,1,30
0.42,ko,3,1,7,1,42
0.568,ti,2,1,7,1,17
0.518,ti,2,1,7,1,23
0.452,ti,2,1,7,1,32
0.454,ni,3,1,7,1,9
0.536,ni,3,1,7,1,30
0.584,ni,3,1,7,1,36
0.464,ni,3,1,7,1,42
0.488,re,1,1,7,1,13
0.652,re,1,1,7,1,19
0.501,re,1,1,7,1,31
0.558,re,1,1,7,1,43
0.458,fu,2,1,7,1,5
0.489,fu,2,1,7,1,17
0.735,fu,2,1,7,1,29
0.555,fu,2,1,7,1,41
0.459,ru,1,1,7,1,7
0.433,ru,1,1,7,1,28
0.509,ru,1,1,7,1,34
0.491,ru,1,1,7,1,40
0.435,ge,2,1,7,1,5
0.136,ge,2,1,7,1,13
0.44,ge,2,1,7,1,32
0.493,ge,2,1,7,1,44
0.466,su,3,1,7,1,12
0.477,su,3,1,7,1,24
0.468,su,3,1,7,1,30
0.419,su,3,1,7,1,45
0.468,me,3,1,7,1,9
0.47,me,3,1,7,1,15
0.588,me,3,1,7,1,21
0.425,me,3,1,7,1,33
0.387,ti,2,1,7,1,8
0.637,ti,2,1,7,1,26
0.452,ti,2,1,7,1,35
0.618,ta,1,1,7,1,13
0.694,ta,1,1,7,1,19
0.471,ta,1,1,7,1,43
0.407,pu,2,1,7,1,11
0.612,pu,2,1,7,1,20
0.439,pu,2,1,7,1,26
0.488,ko,3,1,7,1,9
0.484,ko,3,1,7,1,21
1.171,ko,3,1,7,1,29
0.435,ko,3,1,7,1,39
0.492,fe,1,1,7,1,4
0.6,fe,1,1,7,1,16
0.561,fe,1,1,7,1,22
0.459,fe,1,1,7,1,31
0.452,ge,2,1,7,1,5
0.434,ge,2,1,7,1,17
0.534,ge,2,1,7,1,23
0.431,ge,2,1,7,1,35
0.451,ru,1,1,7,1,7
0.788,ru,1,1,7,1,14
0.606,ru,1,1,7,1,19
0.47,ru,1,1,7,1,34
0.421,su,3,1,7,1,12
0.454,su,3,1,7,1,36
0.525,su,3,1,7,1,42
0.668,re,1,1,7,1,4
0.384,re,1,1,7,1,16
0.651,re,1,1,7,1,22
0.485,re,1,1,7,1,34
0.553,ni,3,1,7,1,18
0.485,ni,3,1,7,1,27
0.494,ni,3,1,7,1,36
0.502,ni,3,1,7,1,42
0.52,fu,2,1,7,1,5
0.511,fu,2,1,7,1,17
0.603,fu,2,1,7,1,26
0.571,fu,2,1,7,1,32
0.484,ta,1,1,8,1,10
0.335,ta,1,1,8,1,15
0.502,ta,1,1,8,1,40
0.353,ti,2,1,8,1,10
0.354,ti,2,1,8,1,16
0.553,ti,2,1,8,1,29
0.355,ti,2,1,8,1,37
0.421,me,3,1,8,1,15
0.418,me,3,1,8,1,21
0.454,me,3,1,8,1,33
0.408,pu,2,1,8,1,11
0.342,pu,2,1,8,1,25
0.419,pu,2,1,8,1,44
0.402,su,3,1,8,1,12
0.418,su,3,1,8,1,21
0.402,su,3,1,8,1,36
0.419,su,3,1,8,1,42
0.389,ru,1,1,8,1,16
0.551,ru,1,1,8,1,25
0.357,ru,1,1,8,1,33
0.483,ru,1,1,8,1,40
0.404,ko,3,1,8,1,9
0.385,ko,3,1,8,1,15
1.048,ko,3,1,8,1,22
0.403,ko,3,1,8,1,45
0.406,re,1,1,8,1,16
0.425,re,1,1,8,1,28
0.386,re,1,1,8,1,40
0.419,fu,2,1,8,1,8
0.553,fu,2,1,8,1,20
0.541,fu,2,1,8,1,26
0.439,fu,2,1,8,1,38
0.418,ni,3,1,8,1,18
0.567,ni,3,1,8,1,27
0.403,ni,3,1,8,1,36
0.521,ni,3,1,8,1,42
0.499,ge,2,1,8,1,14
0.356,ge,2,1,8,1,19
0.317,ge,2,1,8,1,31
0.425,fe,1,1,8,1,4
0.502,fe,1,1,8,1,10
0.442,fe,1,1,8,1,31
0.505,fe,1,1,8,1,37
0.41,me,3,1,8,1,15
0.483,me,3,1,8,1,24
0.353,me,3,1,8,1,41
0.466,ti,2,1,8,1,5
0.691,ti,2,1,8,1,29
0.588,ta,1,1,8,1,10
0.551,ta,1,1,8,1,16
0.566,ta,1,1,8,1,28
0.535,ta,1,1,8,1,40
0.436,pu,2,1,8,1,5
0.452,pu,2,1,8,1,26
0.356,pu,2,1,8,1,34
0.406,pu,2,1,8,1,44
0.486,ko,3,1,8,1,6
0.417,ko,3,1,8,1,18
0.441,ko,3,1,8,1,30
0.484,ko,3,1,8,1,42
0.421,fe,1,1,8,1,10
0.527,fe,1,1,8,1,28
0.418,fe,1,1,8,1,43
0.407,ge,2,1,8,1,5
0.405,ge,2,1,8,1,14
0.406,ge,2,1,8,1,20
0.386,ge,2,1,8,1,38
0.493,ru,1,1,8,1,19
0.519,ru,1,1,8,1,25
0.403,su,3,1,8,1,12
0.44,su,3,1,8,1,24
0.65,su,3,1,8,1,30
0.476,su,3,1,8,1,45
0.471,re,1,1,8,1,4
0.509,re,1,1,8,1,16
0.436,re,1,1,8,1,40
0.552,ni,3,1,8,1,6
0.452,ni,3,1,8,1,27
0.585,ni,3,1,8,1,36
0.473,ni,3,1,8,1,45
0.54,fu,2,1,8,1,11
0.41,fu,2,1,8,1,26
0.444,fu,2,1,8,1,35
0.486,fu,2,1,8,1,41
0.39,pu,2,1,8,1,20
0.418,pu,2,1,8,1,26
0.402,pu,2,1,8,1,44
0.437,ta,1,1,8,1,7
0.403,ta,1,1,8,1,19
0.624,ta,1,1,8,1,25
0.723,ta,1,1,8,1,37
0.45,me,3,1,8,1,9
0.617,me,3,1,8,1,30
0.417,me,3,1,8,1,39
0.439,me,3,1,8,1,45
0.45,fe,1,1,8,1,4
0.669,fe,1,1,8,1,16
0.462,fe,1,1,8,1,22
0.438,ko,3,1,8,1,12
0.42,ko,3,1,8,1,27
0.521,ko,3,1,8,1,36
0.402,ti,2,1,8,1,11
0.483,ti,2,1,8,1,20
0.617,ti,2,1,8,1,35
0.57,ti,2,1,8,1,41
0.519,ni,3,1,8,1,18
0.418,ni,3,1,8,1,27
0.384,ni,3,1,8,1,36
0.516,ni,3,1,8,1,42
0.459,re,1,1,8,1,7
0.518,re,1,1,8,1,28
0.421,re,1,1,8,1,37
0.668,re,1,1,8,1,43
0.504,fu,2,1,8,1,8
0.435,fu,2,1,8,1,20
0.548,fu,2,1,8,1,44
0.419,ru,1,1,8,1,10
0.608,ru,1,1,8,1,34
0.42,ru,1,1,8,1,40
0.487,ge,2,1,8,1,8
0.439,ge,2,1,8,1,14
0.335,ge,2,1,8,1,31
0.501,su,3,1,8,1,6
0.411,su,3,1,8,1,24
0.525,su,3,1,8,1,30
0.433,su,3,1,8,1,39
0.733,me,3,1,9,1,6
0.339,me,3,1,9,1,23
0.306,me,3,1,9,1,35
0.542,ti,2,1,9,1,5
0.622,ti,2,1,9,1,17
0.502,ti,2,1,9,1,23
0.506,ti,2,1,9,1,32
0.603,ta,1,1,9,1,7
0.688,ta,1,1,9,1,13
0.634,ta,1,1,9,1,43
0.413,pu,2,1,9,1,14
0.44,pu,2,1,9,1,26
0.437,pu,2,1,9,1,35
0.439,ko,3,1,9,1,24
0.653,ko,3,1,9,1,33
0.463,ko,3,1,9,1,45
0.64,fe,1,1,9,1,4
0.669,fe,1,1,9,1,31
0.437,ge,2,1,9,1,5
0.42,ge,2,1,9,1,14
0.778,ge,2,1,9,1,21
0.17,ge,2,1,9,1,37
0.625,ru,1,1,9,1,7
0.518,ru,1,1,9,1,28
0.702,ru,1,1,9,1,34
0.69,ru,1,1,9,1,40
0.551,su,3,1,9,1,9
0.435,su,3,1,9,1,21
0.569,su,3,1,9,1,27
0.552,re,1,1,9,1,4
0.723,re,1,1,9,1,13
0.471,re,1,1,9,1,31
0.821,re,1,1,9,1,44
0.569,ni,3,1,9,1,6
0.386,ni,3,1,9,1,27
0.455,ni,3,1,9,1,36
0.84,fu,2,1,9,1,12
0.53,fu,2,1,9,1,23
1.117,fu,2,1,9,1,33
0.536,fu,2,1,9,1,44
0.673,pu,2,1,9,1,11
0.548,pu,2,1,9,1,20
0.353,pu,2,1,9,1,34
0.572,ta,1,1,9,1,4
0.783,ta,1,1,9,1,17
0.6,ta,1,1,9,1,28
0.605,ta,1,1,9,1,40
0.384,me,3,1,9,1,9
0.101,me,3,1,9,1,14
0.354,me,3,1,9,1,20
0.619,fe,1,1,9,1,4
0.618,fe,1,1,9,1,22
0.77,fe,1,1,9,1,29
0.588,fe,1,1,9,1,37
0.658,ko,3,1,9,1,9
0.519,ko,3,1,9,1,21
0.402,ko,3,1,9,1,27
0.455,ko,3,1,9,1,39
0.786,ti,2,1,9,1,18
0.853,ti,2,1,9,1,30
0.852,ti,2,1,9,1,39
0.602,ni,3,1,9,1,6
0.682,ni,3,1,9,1,36
0.904,ni,3,1,9,1,46
0.818,re,1,1,9,1,5
0.506,re,1,1,9,1,16
0.555,re,1,1,9,1,28
0.535,re,1,1,9,1,40
0.602,fu,2,1,9,1,5
0.453,fu,2,1,9,1,29
1.121,fu,2,1,9,1,42
1.084,ru,1,1,9,1,11
0.551,ru,1,1,9,1,19
0.601,ru,1,1,9,1,25
1.067,ru,1,1,9,1,35
0.456,ge,2,1,9,1,5
0.566,ge,2,1,9,1,17
0.386,ge,2,1,9,1,23
0.42,ge,2,1,9,1,35
0.637,su,3,1,9,1,12
0.626,su,3,1,9,1,21
0.787,su,3,1,9,1,37
0.783,su,3,1,9,1,43
0.469,ta,1,1,9,1,7
0.954,ta,1,1,9,1,14
0.454,ta,1,1,9,1,28
0.641,ta,1,1,9,1,40
0.657,ti,2,1,9,1,5
0.69,ti,2,1,9,1,17
0.587,ti,2,1,9,1,23
0.504,ti,2,1,9,1,32
0.393,me,3,1,9,1,6
0.475,me,3,1,9,1,27
0.553,me,3,1,9,1,33
0.602,me,3,1,9,1,42
0.803,pu,2,1,9,1,18
0.436,pu,2,1,9,1,26
1.155,pu,2,1,9,1,37
0.621,pu,2,1,9,1,41
0.442,su,3,1,9,1,12
0.341,su,3,1,9,1,17
0.47,su,3,1,9,1,30
0.45,su,3,1,9,1,39
0.457,ru,1,1,9,1,7
0.891,ru,1,1,9,1,14
0.451,ru,1,1,9,1,19
0.904,ru,1,1,9,1,35
0.74,ko,3,1,9,1,6
0.699,ko,3,1,9,1,30
0.457,re,1,1,9,1,13
0.573,re,1,1,9,1,19
0.57,re,1,1,9,1,31
0.618,re,1,1,9,1,43
0.638,fu,2,1,9,1,8
0.587,fu,2,1,9,1,14
0.521,fu,2,1,9,1,20
0.609,ni,3,1,9,1,9
0.908,ni,3,1,9,1,16
0.535,ni,3,1,9,1,27
0.721,ni,3,1,9,1,36
0.488,ge,2,1,9,1,5
0.492,ge,2,1,9,1,17
0.389,ge,2,1,9,1,29
0.418,ge,2,1,9,1,41
0.472,fe,1,1,9,1,10
0.471,fe,1,1,9,1,22
0.452,fe,1,1,9,1,43
0.3862,ta,1,1,10,1,4
0.5851,ta,1,1,10,1,16
0.3873,ta,1,1,10,1,28
0.4526,ti,2,1,10,1,14
0.5345,ti,2,1,10,1,32
0.5587,ti,2,1,10,1,38
0.6586,ti,2,1,10,1,44
0.4483,me,3,1,10,1,15
0.4804,me,3,1,10,1,24
0.4465,me,3,1,10,1,33
0.489,me,3,1,10,1,42
0.5112,pu,2,1,10,1,14
0.4568,pu,2,1,10,1,26
0.4378,pu,2,1,10,1,35
0.4253,su,3,1,10,1,6
0.4692,su,3,1,10,1,12
0.4428,su,3,1,10,1,36
0.6672,su,3,1,10,1,45
0.5036,ru,1,1,10,1,4
0.4425,ru,1,1,10,1,25
0.4513,ru,1,1,10,1,34
0.502,ru,1,1,10,1,43
0.4917,ko,3,1,10,1,9
0.6946,ko,3,1,10,1,15
0.4527,ko,3,1,10,1,30
1.0034,ko,3,1,10,1,43
0.6026,re,1,1,10,1,4
0.43,re,1,1,10,1,34
0.7242,fu,2,1,10,1,8
0.9868,fu,2,1,10,1,21
0.8891,fu,2,1,10,1,39
0.5033,ni,3,1,10,1,9
0.7111,ni,3,1,10,1,15
0.4258,ni,3,1,10,1,39
0.6535,ni,3,1,10,1,45
0.5185,ge,2,1,10,1,5
0.717,ge,2,1,10,1,17
0.5712,ge,2,1,10,1,29
0.536,ge,2,1,10,1,41
0.8134,fe,1,1,10,1,5
0.5903,fe,1,1,10,1,16
0.6984,fe,1,1,10,1,22
0.7128,fe,1,1,10,1,31
0.0878,me,3,1,10,1,14
0.1803,me,3,1,10,1,20
0.2303,me,3,1,10,1,32
0.594,ti,2,1,10,1,11
0.6157,ti,2,1,10,1,17
0.5255,ti,2,1,10,1,29
0.5584,ti,2,1,10,1,38
0.6758,ta,1,1,10,1,4
0.4555,ta,1,1,10,1,16
0.4864,ta,1,1,10,1,25
0.6555,ta,1,1,10,1,31
0.581,pu,2,1,10,1,17
0.503,pu,2,1,10,1,26
0.4431,pu,2,1,10,1,35
0.4764,pu,2,1,10,1,41
0.422,ko,3,1,10,1,12
0.4358,ko,3,1,10,1,27
0.4701,ko,3,1,10,1,36
0.4938,ko,3,1,10,1,42
0.4332,fe,1,1,10,1,4
0.8652,fe,1,1,10,1,11
0.4877,fe,1,1,10,1,34
0.5186,fe,1,1,10,1,43
0.4367,ge,2,1,10,1,8
0.1143,ge,2,1,10,1,28
0.5167,ge,2,1,10,1,38
0.5136,ge,2,1,10,1,44
0.4504,ru,1,1,10,1,10
0.5508,ru,1,1,10,1,19
0.5955,ru,1,1,10,1,25
0.5342,ru,1,1,10,1,43
0.4675,su,3,1,10,1,9
0.4648,su,3,1,10,1,21
0.6864,su,3,1,10,1,27
0.5219,su,3,1,10,1,36
0.5069,ni,3,1,10,1,12
0.5025,ni,3,1,10,1,21
0.6407,ni,3,1,10,1,27
0.5471,ni,3,1,10,1,36
0.5179,fu,2,1,10,1,17
0.5016,fu,2,1,10,1,26
0.7248,fu,2,1,10,1,32
0.4495,pu,2,1,10,1,11
0.4679,pu,2,1,10,1,20
0.4492,pu,2,1,10,1,26
0.4218,pu,2,1,10,1,44
0.5549,ta,1,1,10,1,7
0.7253,ta,1,1,10,1,13
0.5179,me,3,1,10,1,15
0.5874,me,3,1,10,1,33
0.5536,me,3,1,10,1,45
0.4738,fe,1,1,10,1,4
0.2065,fe,1,1,10,1,30
0.8635,fe,1,1,10,1,38
0.5247,ko,3,1,10,1,12
0.5355,ko,3,1,10,1,18
0.5098,ko,3,1,10,1,30
0.5228,ko,3,1,10,1,42
0.4471,ti,2,1,10,1,5
0.5596,ti,2,1,10,1,23
0.4105,ti,2,1,10,1,29
0.6022,ti,2,1,10,1,38
0.5031,ni,3,1,10,1,9
0.5753,ni,3,1,10,1,30
0.6916,ni,3,1,10,1,36
0.5676,ni,3,1,10,1,42
0.6063,re,1,1,10,1,13
1.0681,re,1,1,10,1,23
0.655,re,1,1,10,1,40
1.168,fu,2,1,10,1,7
0.6065,fu,2,1,10,1,17
0.5183,fu,2,1,10,1,26
0.4679,fu,2,1,10,1,32
0.5914,ru,1,1,10,1,10
0.4736,ru,1,1,10,1,25
0.4867,ru,1,1,10,1,34
0.5314,ru,1,1,10,1,40
0.5481,ge,2,1,10,1,5
0.2315,ge,2,1,10,1,16
0.6849,ge,2,1,10,1,23
0.583,ge,2,1,10,1,35
0.562,su,3,1,10,1,6
0.4112,su,3,1,10,1,24
0.6841,su,3,1,10,1,30
0.6659,su,3,1,10,1,39
0.417,pu,2,1,11,1,8
0.334,pu,2,1,11,1,13
0.389,pu,2,1,11,1,26
0.618,pu,2,1,11,1,35
0.673,ta,1,1,11,1,7
0.468,ta,1,1,11,1,19
0.57,ta,1,1,11,1,25
0.853,ta,1,1,11,1,38
0.396,me,3,1,11,1,6
0.518,me,3,1,11,1,15
0.586,me,3,1,11,1,21
0.569,me,3,1,11,1,39
0.555,fe,1,1,11,1,4
0.474,fe,1,1,11,1,16
0.605,fe,1,1,11,1,22
0.436,fe,1,1,11,1,31
0.504,ko,3,1,11,1,6
0.569,ko,3,1,11,1,18
0.504,ko,3,1,11,1,30
0.718,ko,3,1,11,1,42
0.569,ti,2,1,11,1,5
0.574,ti,2,1,11,1,23
0.569,ti,2,1,11,1,38
0.621,ni,3,1,11,1,12
0.583,ni,3,1,11,1,27
0.636,ni,3,1,11,1,42
0.452,re,1,1,11,1,4
0.486,re,1,1,11,1,25
0.635,re,1,1,11,1,40
0.402,fu,2,1,11,1,8
0.503,fu,2,1,11,1,14
0.635,fu,2,1,11,1,20
0.534,fu,2,1,11,1,44
0.453,ru,1,1,11,1,4
0.566,ru,1,1,11,1,25
1.035,ru,1,1,11,1,35
0.867,ge,2,1,11,1,9
0.47,ge,2,1,11,1,29
0.658,ge,2,1,11,1,38
0.503,ge,2,1,11,1,44
0.59,su,3,1,11,1,12
0.489,su,3,1,11,1,24
0.518,su,3,1,11,1,30
0.525,su,3,1,11,1,45
0.554,me,3,1,11,1,9
0.576,me,3,1,11,1,15
0.535,me,3,1,11,1,21
0.487,me,3,1,11,1,33
0.534,ti,2,1,11,1,11
0.785,ti,2,1,11,1,21
0.586,ti,2,1,11,1,35
0.519,ta,1,1,11,1,4
0.508,ta,1,1,11,1,16
0.784,ta,1,1,11,1,26
0.72,ta,1,1,11,1,31
0.518,pu,2,1,11,1,11
0.523,pu,2,1,11,1,26
0.504,pu,2,1,11,1,35
0.619,ko,3,1,11,1,6
0.636,ko,3,1,11,1,18
0.549,ko,3,1,11,1,27
0.552,ko,3,1,11,1,33
0.519,fe,1,1,11,1,4
0.873,fe,1,1,11,1,11
0.64,fe,1,1,11,1,37
0.533,ge,2,1,11,1,5
0.487,ge,2,1,11,1,26
0.507,ge,2,1,11,1,32
0.618,ge,2,1,11,1,41
0.684,ru,1,1,11,1,10
0.651,ru,1,1,11,1,25
0.502,su,3,1,11,1,6
0.657,su,3,1,11,1,12
0.542,su,3,1,11,1,33
0.586,su,3,1,11,1,39
0.6,re,1,1,11,1,4
0.718,re,1,1,11,1,13
0.568,re,1,1,11,1,31
0.634,re,1,1,11,1,43
0.643,ni,3,1,11,1,9
0.722,ni,3,1,11,1,15
0.586,ni,3,1,11,1,21
0.622,ni,3,1,11,1,36
0.565,fu,2,1,11,1,8
0.818,fu,2,1,11,1,15
0.552,fu,2,1,11,1,29
0.841,fu,2,1,11,1,42
0.572,ta,1,1,11,1,4
0.635,ta,1,1,11,1,16
0.689,ta,1,1,11,1,28
0.786,ta,1,1,11,1,41
0.523,ti,2,1,11,1,5
0.633,ti,2,1,11,1,23
0.666,ti,2,1,11,1,38
0.584,me,3,1,11,1,15
0.51,me,3,1,11,1,24
0.536,me,3,1,11,1,33
0.518,me,3,1,11,1,42
0.808,pu,2,1,11,1,9
0.741,pu,2,1,11,1,35
0.456,su,3,1,11,1,9
0.62,su,3,1,11,1,21
0.685,su,3,1,11,1,27
0.82,su,3,1,11,1,37
0.55,ru,1,1,11,1,16
0.674,ru,1,1,11,1,25
0.553,ru,1,1,11,1,34
0.675,ru,1,1,11,1,40
0.517,ko,3,1,11,1,24
0.54,ko,3,1,11,1,33
0.553,ko,3,1,11,1,39
0.651,ko,3,1,11,1,45
0.557,re,1,1,11,1,13
0.832,re,1,1,11,1,23
0.735,re,1,1,11,1,31
0.868,re,1,1,11,1,41
0.487,fu,2,1,11,1,8
0.87,fu,2,1,11,1,15
0.553,fu,2,1,11,1,29
0.834,fu,2,1,11,1,42
0.584,ni,3,1,11,1,12
0.736,ni,3,1,11,1,21
0.618,ni,3,1,11,1,27
0.77,ni,3,1,11,1,37
0.534,ge,2,1,11,1,5
0.741,ge,2,1,11,1,14
0.625,ge,2,1,11,1,32
0.587,ge,2,1,11,1,44
0.686,fe,1,1,11,1,31
0.887,fe,1,1,11,1,38
0.801,fe,1,1,11,1,44
0.401,ta,1,1,12,1,7
0.402,ta,1,1,12,1,13
0.316,ta,1,1,12,1,27
0.386,ti,2,1,12,1,11
0.555,ti,2,1,12,1,29
0.509,ti,2,1,12,1,38
0.435,me,3,1,12,1,6
0.351,me,3,1,12,1,14
0.291,me,3,1,12,1,20
0.439,me,3,1,12,1,39
0.354,pu,2,1,12,1,7
0.952,pu,2,1,12,1,30
0.567,pu,2,1,12,1,35
0.418,pu,2,1,12,1,41
0.403,su,3,1,12,1,6
0.449,su,3,1,12,1,18
0.453,su,3,1,12,1,24
0.356,su,3,1,12,1,32
0.334,ru,1,1,12,1,6
0.44,ru,1,1,12,1,28
0.449,ru,1,1,12,1,34
0.401,ru,1,1,12,1,40
0.618,ko,3,1,12,1,9
0.551,ko,3,1,12,1,15
0.467,ko,3,1,12,1,30
0.501,ko,3,1,12,1,42
0.399,re,1,1,12,1,4
0.322,re,1,1,12,1,12
0.394,re,1,1,12,1,31
0.483,re,1,1,12,1,43
0.443,fu,2,1,12,1,5
0.419,fu,2,1,12,1,17
0.402,fu,2,1,12,1,26
0.619,fu,2,1,12,1,32
0.472,ni,3,1,12,1,12
0.467,ni,3,1,12,1,27
0.502,ni,3,1,12,1,36
0.502,ni,3,1,12,1,42
0.791,ge,2,1,12,1,6
0.357,ge,2,1,12,1,16
0.458,ge,2,1,12,1,23
0.202,ge,2,1,12,1,34
0.583,fe,1,1,12,1,10
0.474,fe,1,1,12,1,19
0.507,fe,1,1,12,1,34
0.425,fe,1,1,12,1,40
0.488,me,3,2,12,1,6
0.386,me,3,2,12,1,33
0.419,me,3,2,12,1,42
0.449,ti,2,2,12,1,8
0.402,ti,2,2,12,1,20
0.502,ti,2,2,12,1,26
0.402,ti,2,2,12,1,35
0.535,ta,1,2,12,1,37
0.559,ta,1,2,12,1,43
0.384,pu,2,2,12,1,8
0.502,pu,2,2,12,1,14
0.487,pu,2,2,12,1,26
0.434,pu,2,2,12,1,35
0.499,ko,3,2,12,1,24
0.427,ko,3,2,12,1,33
0.486,ko,3,2,12,1,39
0.505,ko,3,2,12,1,45
0.4,fe,1,2,12,1,10
0.459,fe,1,2,12,1,19
0.478,fe,1,2,12,1,34
0.624,fe,1,2,12,1,40
0.692,ge,2,2,12,1,5
0.419,ge,2,2,12,1,17
0.186,ge,2,2,12,1,28
0.219,ge,2,2,12,1,40
0.485,ru,1,2,12,1,4
0.417,ru,1,2,12,1,25
0.6,ru,1,2,12,1,34
0.504,ru,1,2,12,1,43
0.418,su,3,2,12,1,9
0.436,su,3,2,12,1,21
0.523,su,3,2,12,1,27
0.184,su,3,2,12,1,35
0.588,re,1,2,12,1,4
0.5,re,1,2,12,1,25
0.54,re,1,2,12,1,31
0.543,re,1,2,12,1,40
0.439,ni,3,2,12,1,6
0.406,ni,3,2,12,1,27
0.484,ni,3,2,12,1,36
0.587,ni,3,2,12,1,45
0.419,fu,2,2,12,1,8
0.401,fu,2,2,12,1,20
0.387,fu,2,2,12,1,38
0.403,pu,2,3,12,1,8
0.486,pu,2,3,12,1,14
0.189,pu,2,3,12,1,19
0.418,pu,2,3,12,1,35
0.466,ta,1,3,12,1,16
0.618,ta,1,3,12,1,28
0.556,ta,1,3,12,1,40
0.559,me,3,3,12,1,15
0.318,me,3,3,12,1,23
0.388,me,3,3,12,1,33
0.285,me,3,3,12,1,41
0.484,fe,1,3,12,1,4
0.439,fe,1,3,12,1,22
0.433,fe,1,3,12,1,37
0.467,ko,3,3,12,1,9
0.472,ko,3,3,12,1,30
0.5,ko,3,3,12,1,42
0.417,ti,2,3,12,1,14
0.421,ti,2,3,12,1,32
0.493,ti,2,3,12,1,38
0.51,ti,2,3,12,1,44
0.483,ni,3,3,12,1,9
0.439,ni,3,3,12,1,15
0.404,ni,3,3,12,1,21
0.536,ni,3,3,12,1,36
0.418,re,1,3,12,1,4
0.486,re,1,3,12,1,13
0.603,re,1,3,12,1,19
0.484,re,1,3,12,1,37
0.387,fu,2,3,12,1,11
0.799,fu,2,3,12,1,18
0.185,fu,2,3,12,1,28
0.386,fu,2,3,12,1,41
0.467,ru,1,3,12,1,7
0.517,ru,1,3,12,1,13
0.507,ru,1,3,12,1,19
0.389,ru,1,3,12,1,34
0.171,ge,2,3,12,1,4
0.432,ge,2,3,12,1,17
0.419,ge,2,3,12,1,23
0.118,ge,2,3,12,1,34
0.451,su,3,3,12,1,6
0.503,su,3,3,12,1,12
0.441,su,3,3,12,1,36
0.489,su,3,3,12,1,45
0.371745,re,3,1,21,3,6
0.099695,re,3,1,21,3,20
0.2182,re,3,1,21,3,29
0.062715,re,3,1,21,3,41
0.45888,su,2,1,21,3,8
0.48686,su,2,1,21,3,29
0.433165,su,2,1,21,3,38
0.552275,su,2,1,21,3,44
0.44341,fu,1,1,21,3,7
0.120255,fu,1,1,21,3,15
0.616885,fu,1,1,21,3,22
0.042035,fu,1,1,21,3,36
0.475605,ni,2,1,21,3,11
0.55177,ni,2,1,21,3,17
0.951865,ni,2,1,21,3,33
0.487895,ni,2,1,21,3,41
0.41915,ta,3,1,21,3,18
0.742365,ta,3,1,21,3,25
0.91729,ta,3,1,21,3,34
0.367975,ta,3,1,21,3,42
0.493645,ti,1,1,21,3,22
0.584625,ti,1,1,21,3,28
0.54198,ti,1,1,21,3,37
0.423525,ti,1,1,21,3,43
0.73932,me,2,1,21,3,21
0.199675,me,2,1,21,3,28
0.534235,me,2,1,21,3,38
0.813105,pu,1,1,21,3,11
0.55648,pu,1,1,21,3,16
0.529435,pu,1,1,21,3,28
0.50485,pu,1,1,21,3,40
1.107055,fe,3,1,21,3,14
0.9057,fe,3,1,21,3,28
0.388505,fe,3,1,21,3,33
0.133655,fe,3,1,21,3,38
0.51644,ge,1,1,21,3,4
0.633725,ge,1,1,21,3,19
0.552585,ge,1,1,21,3,28
0.468885,ge,1,1,21,3,40
0.49823,ru,3,1,21,3,6
0.405805,ru,3,1,21,3,21
0.43858,ru,3,1,21,3,30
0.409645,ru,3,1,21,3,42
0.46711,ko,2,1,21,3,8
0.536115,ko,2,1,21,3,14
0.551055,ko,2,1,21,3,29
0.41735,ko,2,1,21,3,41
0.48837,ni,2,2,21,3,5
0.45237,ni,2,2,21,3,20
0.13462,ni,2,2,21,3,28
0.6443,ni,2,2,21,3,41
0.471235,fu,1,2,21,3,7
0.48376,fu,1,2,21,3,16
0.68562,fu,1,2,21,3,22
0.398015,re,3,2,21,3,12
0.217115,re,3,2,21,3,17
0.53612,re,3,2,21,3,24
0.380525,re,3,2,21,3,36
0.801965,ti,1,2,21,3,11
0.50111,ti,1,2,21,3,25
0.617,ti,1,2,21,3,37
0.50358,ta,3,2,21,3,18
0.45,ta,3,2,21,3,24
0.454965,ta,3,2,21,3,42
0.57252,su,2,2,21,3,5
0.488945,su,2,2,21,3,20
0.78627,su,2,2,21,3,33
1.1577,su,2,2,21,3,40
0.58347,ru,3,2,21,3,6
0.53417,ru,3,2,21,3,18
0.109745,ru,3,2,21,3,23
0.488295,ge,1,2,21,3,4
0.88421,ge,1,2,21,3,35
0.54234,ko,2,2,21,3,5
0.536965,ko,2,2,21,3,20
0.593895,pu,1,2,21,3,4
0.234295,pu,1,2,21,3,15
0.53247,pu,1,2,21,3,28
0.139625,me,2,2,21,3,19
0.49855,me,2,2,21,3,26
0.48635,fe,3,2,21,3,9
0.514765,fe,3,2,21,3,39
0.48395,fe,3,2,21,3,45
0.633815,fu,1,3,21,3,7
0.641935,fu,1,3,21,3,34
0.469145,su,2,3,21,3,8
0.672805,su,2,3,21,3,29
0.667665,su,2,3,21,3,38
0.4226,su,2,3,21,3,44
0.43411,re,3,3,21,3,9
0.1509,re,3,3,21,3,23
0.416415,re,3,3,21,3,33
0.96591,re,3,3,21,3,46
0.55145,ni,2,3,21,3,5
0.505765,ni,2,3,21,3,23
0.77515,ni,2,3,21,3,30
0.61683,fe,3,3,21,3,9
0.277655,fe,3,3,21,3,29
0.426875,fe,3,3,21,3,39
0.388525,fe,3,3,21,3,45
0.38598,pu,1,3,21,3,10
0.66808,pu,1,3,21,3,16
0.539995,pu,1,3,21,3,31
0.75985,pu,1,3,21,3,41
0.53382,ta,3,3,21,3,9
0.47453,ta,3,3,21,3,15
0.453965,ta,3,3,21,3,30
0.46733,ta,3,3,21,3,42
0.57011,ge,1,3,21,3,13
0.449535,ge,1,3,21,3,22
0.4003,ge,1,3,21,3,34
0.467445,ge,1,3,21,3,43
0.450645,ko,2,3,21,3,17
0.467465,ko,2,3,21,3,32
0.502655,ko,2,3,21,3,41
0.000695,ru,3,3,21,3,5
0.567455,ru,3,3,21,3,18
0.117685,ru,3,3,21,3,23
0.47309,ru,3,3,21,3,30
0.55685,me,2,3,21,3,5
0.53366,me,2,3,21,3,11
0.43974,me,2,3,21,3,35
0.445325,ti,1,3,21,3,4
0.157425,ti,1,3,21,3,9
0.800815,ti,1,3,21,3,38
0.515585,pu,2,1,22,1,5
0.600325,pu,2,1,22,1,26
0.548435,pu,2,1,22,1,35
0.534,pu,2,1,22,1,44
0.15178,ta,1,1,22,1,21
0.66697,ta,1,1,22,1,31
0.66565,ta,1,1,22,1,37
0.58713,ta,1,1,22,1,43
0.555765,me,3,1,22,1,6
0.565095,me,3,1,22,1,18
0.51517,me,3,1,22,1,24
0.61967,me,3,1,22,1,36
0.65098,fe,1,1,22,1,4
0.725825,fe,1,1,22,1,11
0.67393,fe,1,1,22,1,34
0.560045,fe,1,1,22,1,43
0.48217,ko,3,1,22,1,12
0.58422,ko,3,1,22,1,18
0.521315,ko,3,1,22,1,30
0.55932,ko,3,1,22,1,42
0.775785,ti,2,1,22,1,6
0.13169,ti,2,1,22,1,22
0.66725,ti,2,1,22,1,29
0.665805,ti,2,1,22,1,38
0.634245,ni,3,1,22,1,9
0.56605,ni,3,1,22,1,36
0.632105,ni,3,1,22,1,42
0.61899,re,1,1,22,1,4
0.587365,re,1,1,22,1,13
0.77114,re,1,1,22,1,20
0.62552,fu,2,1,22,1,11
0.668065,fu,2,1,22,1,23
0.6213,fu,2,1,22,1,32
0.576045,fu,2,1,22,1,44
0.601265,ru,1,1,22,1,16
0.57837,ru,1,1,22,1,25
0.61682,ru,1,1,22,1,34
0.60916,ru,1,1,22,1,40
0.56763,ge,2,1,22,1,8
0.535925,ge,2,1,22,1,29
0.574495,ge,2,1,22,1,38
0.55112,ge,2,1,22,1,44
0.61557,su,3,1,22,1,6
0.520685,su,3,1,22,1,18
0.620705,su,3,1,22,1,24
0.53437,su,3,1,22,1,33
0.61365,ta,1,2,22,1,7
0.667345,ta,1,2,22,1,13
0.68364,ta,1,2,22,1,28
0.56556,ta,1,2,22,1,40
0.615815,ti,2,2,22,1,5
0.965825,ti,2,2,22,1,36
0.556405,me,3,2,22,1,6
0.51721,me,3,2,22,1,15
0.588865,me,3,2,22,1,33
0.50537,me,3,2,22,1,45
0.572885,pu,2,2,22,1,11
0.6646,pu,2,2,22,1,26
0.540655,su,3,2,22,1,12
0.547815,su,3,2,22,1,18
0.61363,su,3,2,22,1,30
0.571265,su,3,2,22,1,39
0.586015,ru,1,2,22,1,7
0.79937,ru,1,2,22,1,14
0.66771,ru,1,2,22,1,37
0.53479,ru,1,2,22,1,43
0.56461,ko,3,2,22,1,12
0.799125,ko,3,2,22,1,19
0.60148,ko,3,2,22,1,30
0.58803,ko,3,2,22,1,42
0.582205,re,1,2,22,1,13
0.6182,re,1,2,22,1,31
0.532495,re,1,2,22,1,40
0.618195,fu,2,2,22,1,11
0.57363,fu,2,2,22,1,17
0.539995,fu,2,2,22,1,29
0.58234,fu,2,2,22,1,41
0.63419,ni,3,2,22,1,12
0.650605,ni,3,2,22,1,21
0.65855,ni,3,2,22,1,36
0.54759,ge,2,2,22,1,8
0.742325,ge,2,2,22,1,15
0.556785,ge,2,2,22,1,20
0.522665,ge,2,2,22,1,32
0.598755,fe,1,2,22,1,10
0.76817,fe,1,2,22,1,20
0.6518,fe,1,2,22,1,34
0.65367,fe,1,2,22,1,40
0.582675,me,3,3,22,1,15
0.48479,me,3,3,22,1,21
0.55556,me,3,3,22,1,33
0.455545,me,3,3,22,1,45
0.61133,ti,2,3,22,1,5
0.65044,ti,2,3,22,1,17
0.79122,ti,2,3,22,1,24
0.64197,ti,2,3,22,1,32
0.63501,ta,1,3,22,1,10
0.601485,ta,1,3,22,1,16
0.634235,ta,1,3,22,1,28
0.68447,ta,1,3,22,1,40
0.65894,pu,2,3,22,1,17
0.600835,pu,2,3,22,1,35
0.666655,pu,2,3,22,1,41
0.592665,ko,3,3,22,1,6
0.584085,ko,3,3,22,1,18
0.658985,ko,3,3,22,1,27
0.801555,ko,3,3,22,1,34
0.567205,fe,1,3,22,1,10
0.609185,fe,1,3,22,1,16
0.884645,fe,1,3,22,1,29
0.82039,fe,1,3,22,1,38
0.55254,ge,2,3,22,1,8
0.559325,ge,2,3,22,1,29
0.56765,ge,2,3,22,1,38
0.514245,ge,2,3,22,1,44
0.599535,ru,1,3,22,1,7
0.610205,ru,1,3,22,1,13
0.643435,ru,1,3,22,1,34
0.593015,su,3,3,22,1,6
0.502435,su,3,3,22,1,24
0.58454,su,3,3,22,1,30
0.52699,su,3,3,22,1,39
0.598535,re,1,3,22,1,7
0.72614,re,1,3,22,1,14
1.116045,re,1,3,22,1,21
0.584455,re,1,3,22,1,31
0.595115,ni,3,3,22,1,12
0.618305,ni,3,3,22,1,27
0.526905,ni,3,3,22,1,36
0.7923,ni,3,3,22,1,43
0.551035,fu,2,3,22,1,11
0.60075,fu,2,3,22,1,26
0.565465,fu,2,3,22,1,35
1.024125,fu,2,3,22,1,42
0.570895,pu,2,1,23,1,17
0.327985,pu,2,1,23,1,25
0.301025,pu,2,1,23,1,34
0.294205,pu,2,1,23,1,40
0.386085,ta,1,1,23,1,10
0.28441,ta,1,1,23,1,21
0.46031,ta,1,1,23,1,31
0.382515,ta,1,1,23,1,43
0.383295,me,3,1,23,1,6
0.301225,me,3,1,23,1,26
0.438015,me,3,1,23,1,33
0.401005,me,3,1,23,1,42
0.38338,fe,1,1,23,1,4
0.43581,fe,1,1,23,1,10
0.316355,fe,1,1,23,1,33
0.316835,ko,3,1,23,1,11
0.42563,ko,3,1,23,1,18
0.444915,ti,2,1,23,1,23
0.47113,ti,2,1,23,1,29
0.373315,ti,2,1,23,1,44
0.427585,ni,3,1,23,1,30
0.431755,ni,3,1,23,1,36
0.401905,ni,3,1,23,1,42
0.41626,re,1,1,23,1,28
0.53436,re,1,1,23,1,37
0.52512,re,1,1,23,1,43
0.40086,fu,2,1,23,1,11
0.524765,fu,2,1,23,1,17
0.37068,fu,2,1,23,1,29
0.469305,fu,2,1,23,1,41
0.425935,ru,1,1,23,1,10
0.432525,ru,1,1,23,1,19
0.62,ru,1,1,23,1,25
0.41224,ru,1,1,23,1,34
0.375285,ge,2,1,23,1,5
0.092035,ge,2,1,23,1,31
0.24064,ge,2,1,23,1,43
0.3167,su,3,1,23,1,20
0.535225,su,3,1,23,1,27
0.42748,su,3,1,23,1,36
0.412045,me,3,2,23,1,15
0.38631,me,3,2,23,1,21
0.39547,me,3,2,23,1,33
0.40012,me,3,2,23,1,45
0.416805,ti,2,2,23,1,5
0.485555,ti,2,2,23,1,11
0.40213,ti,2,2,23,1,35
0.369185,ti,2,2,23,1,44
0.41416,ta,1,2,23,1,19
0.523875,ta,1,2,23,1,25
0.51326,ta,1,2,23,1,37
0.30911,pu,2,2,23,1,10
0.42999,pu,2,2,23,1,20
0.384375,pu,2,2,23,1,26
0.313945,pu,2,2,23,1,43
0.396725,ko,3,2,23,1,6
0.385005,ko,3,2,23,1,18
0.410615,ko,3,2,23,1,27
0.43334,ko,3,2,23,1,33
0.37751,fe,1,2,23,1,7
0.378055,fe,1,2,23,1,19
0.55012,fe,1,2,23,1,25
0.419265,fe,1,2,23,1,34
0.383945,ge,2,2,23,1,5
0.38047,ge,2,2,23,1,14
0.442195,ge,2,2,23,1,20
0.573195,ru,1,2,23,1,4
0.436275,ru,1,2,23,1,25
0.406315,ru,1,2,23,1,34
0.42654,ru,1,2,23,1,43
0.38592,su,3,2,23,1,9
0.4148,su,3,2,23,1,21
0.44996,su,3,2,23,1,27
0.434105,su,3,2,23,1,36
0.448035,re,1,2,23,1,7
0.457585,re,1,2,23,1,28
0.434695,re,1,2,23,1,37
0.55516,re,1,2,23,1,43
0.417525,ni,3,2,23,1,12
0.38338,ni,3,2,23,1,21
0.42575,ni,3,2,23,1,27
0.419545,ni,3,2,23,1,36
0.639325,fu,2,2,23,1,5
0.366945,fu,2,2,23,1,17
0.80874,fu,2,2,23,1,30
0.39511,fu,2,2,23,1,41
0.43401,ta,1,3,23,1,10
0.450185,ta,1,3,23,1,22
0.487975,ta,1,3,23,1,31
0.573655,ta,1,3,23,1,43
0.467055,ti,2,3,23,1,11
0.55208,ti,2,3,23,1,23
0.476645,ti,2,3,23,1,29
0.389085,ti,2,3,23,1,44
0.401645,me,3,3,23,1,15
0.38575,me,3,3,23,1,33
0.43281,me,3,3,23,1,42
0.36406,pu,2,3,23,1,8
0.301555,pu,2,3,23,1,13
0.273945,pu,2,3,23,1,34
0.389595,su,3,3,23,1,9
0.366755,su,3,3,23,1,21
0.514025,su,3,3,23,1,27
0.39481,ru,1,3,23,1,4
0.51126,ru,1,3,23,1,25
0.42477,ru,1,3,23,1,34
0.46666,ru,1,3,23,1,43
0.379355,ko,3,3,23,1,15
0.42487,ko,3,3,23,1,21
0.68063,ko,3,3,23,1,45
0.555275,re,1,3,23,1,4
0.422595,re,1,3,23,1,13
0.483455,re,1,3,23,1,31
0.53357,re,1,3,23,1,43
0.584485,fu,2,3,23,1,11
0.367075,fu,2,3,23,1,26
0.38904,fu,2,3,23,1,35
0.48414,fu,2,3,23,1,41
0.404965,ni,3,3,23,1,9
0.46654,ni,3,3,23,1,15
0.51583,ni,3,3,23,1,27
0.383455,ni,3,3,23,1,36
0.400585,ge,2,3,23,1,5
0.37879,ge,2,3,23,1,26
0.433345,ge,2,3,23,1,32
0.409655,ge,2,3,23,1,41
0.43671,fe,1,3,23,1,4
0.4586,fe,1,3,23,1,22
0.474415,fe,1,3,23,1,28
0.38327,fe,1,3,23,1,37
0.63863,ko,1,1,24,5,4
0.527125,ko,1,1,24,5,13
0.506795,ko,1,1,24,5,25
0.6172,ko,1,1,24,5,40
0.686085,fe,2,1,24,5,14
0.60042,fe,2,1,24,5,23
0.78475,fe,2,1,24,5,36
0.51008,fe,2,1,24,5,44
0.60738,ge,3,1,24,5,18
0.440125,ge,3,1,24,5,27
0.301665,ge,3,1,24,5,44
0.616795,ru,2,1,24,5,8
0.634335,ru,2,1,24,5,20
0.80475,ru,2,1,24,5,27
0.62004,ru,2,1,24,5,38
0.66662,ti,3,1,24,5,9
0.51212,ti,3,1,24,5,30
0.518165,ti,3,1,24,5,36
0.402625,ti,3,1,24,5,45
0.649335,ni,1,1,24,5,10
0.55817,ni,1,1,24,5,25
0.64946,ni,1,1,24,5,31
0.13729,ni,1,1,24,5,42
0.65571,fu,3,1,24,5,6
0.52516,fu,3,1,24,5,15
0.502165,fu,3,1,24,5,24
0.452705,fu,3,1,24,5,30
0.583085,me,1,1,24,5,7
0.61729,me,1,1,24,5,31
0.78309,me,1,1,24,5,38
0.501705,ta,2,1,24,5,14
0.48446,ta,2,1,24,5,23
0.46462,ta,2,1,24,5,29
0.61705,pu,3,1,24,5,9
0.42738,pu,3,1,24,5,21
0.43325,pu,3,1,24,5,27
0.50396,re,2,1,24,5,20
0.407545,re,2,1,24,5,32
0.45058,re,2,1,24,5,41
0.4515,su,1,1,24,5,4
0.62446,su,1,1,24,5,10
0.515535,su,1,1,24,5,22
0.60121,su,1,1,24,5,37
0.019335,ge,3,2,24,5,20
0.26792,ge,3,2,24,5,26
0.28263,ge,3,2,24,5,35
0.317165,ge,3,2,24,5,44
0.65183,fe,2,2,24,5,8
0.48279,fe,2,2,24,5,29
0.59171,fe,2,2,24,5,35
0.38575,fe,2,2,24,5,44
0.55904,ko,1,2,24,5,13
0.542915,ko,1,2,24,5,25
0.575495,ko,1,2,24,5,34
0.609505,ko,1,2,24,5,43
0.68625,ru,2,2,24,5,11
0.584455,ru,2,2,24,5,23
0.73583,ru,2,2,24,5,33
0.600465,fu,3,2,24,5,9
0.601205,fu,3,2,24,5,18
0.47346,fu,3,2,24,5,30
0.419665,fu,3,2,24,5,39
0.55554,su,1,2,24,5,4
0.610245,su,1,2,24,5,10
0.60842,su,1,2,24,5,22
0.46091,su,1,2,24,5,37
0.805705,re,2,2,24,5,18
0.24334,re,2,2,24,5,25
0.45983,re,2,2,24,5,35
0.86738,ni,1,2,24,5,14
0.543795,ni,1,2,24,5,19
0.564125,ti,3,2,24,5,9
0.620375,ti,3,2,24,5,30
0.47637,ti,3,2,24,5,36
0.442335,ti,3,2,24,5,45
0.89009,me,1,2,24,5,14
0.52725,me,1,2,24,5,22
0.602415,me,1,2,24,5,31
0.60116,me,1,2,24,5,43
0.55304,pu,3,2,24,5,12
0.581045,pu,3,2,24,5,18
0.46909,pu,3,2,24,5,24
0.52713,pu,3,2,24,5,39
0.466,ta,2,2,24,5,14
0.442795,ta,2,2,24,5,23
0.435665,ta,2,2,24,5,32
0.634955,ta,2,2,24,5,38
0.652,ru,2,3,24,5,11
0.601335,ru,2,3,24,5,26
0.539715,ru,2,3,24,5,44
0.58304,ko,1,3,24,5,4
0.84471,ko,1,3,24,5,14
0.515715,ko,1,3,24,5,22
0.601415,ko,1,3,24,5,28
0.226205,ge,3,3,24,5,17
0.109205,ge,3,3,24,5,26
0.436,ge,3,3,24,5,36
0.451125,ge,3,3,24,5,45
0.65446,su,1,3,24,5,7
0.63096,su,1,3,24,5,16
0.55816,su,1,3,24,5,40
0.605875,fu,3,3,24,5,27
0.634,fu,3,3,24,5,36
0.751535,fe,2,3,24,5,6
0.517085,fe,2,3,24,5,14
0.501375,fe,2,3,24,5,32
0.51779,fe,2,3,24,5,41
0.82654,pu,3,3,24,5,13
0.460705,pu,3,3,24,5,27
0.573755,pu,3,3,24,5,33
0.36904,pu,3,3,24,5,45
0.623745,me,1,3,24,5,7
0.53525,me,1,3,24,5,19
0.78459,me,1,3,24,5,32
1.00895,me,1,3,24,5,38
0.49554,ta,2,3,24,5,14
0.532795,ta,2,3,24,5,23
0.51742,ta,2,3,24,5,32
0.900915,ta,2,3,24,5,39
0.682375,ni,1,3,24,5,7
0.486,ni,1,3,24,5,19
0.63921,ni,1,3,24,5,34
0.501295,re,2,3,24,5,17
0.607915,re,2,3,24,5,35
0.60454,re,2,3,24,5,44
0.46842,ti,3,3,24,5,45
0.55679,pu,2,1,25,1,11
0.374555,pu,2,1,25,1,26
0.45781,pu,2,1,25,1,35
0.557525,pu,2,1,25,1,41
0.523245,ta,1,1,25,1,4
0.506215,ta,1,1,25,1,16
0.43987,ta,1,1,25,1,28
0.45285,me,3,1,25,1,6
0.365275,me,3,1,25,1,15
0.48507,me,3,1,25,1,45
0.50399,fe,1,1,25,1,4
0.82628,fe,1,1,25,1,11
0.417605,ko,3,1,25,1,12
0.406385,ko,3,1,25,1,24
0.424295,ko,3,1,25,1,33
0.43385,ko,3,1,25,1,45
0.402975,ti,2,1,25,1,8
0.50008,ti,2,1,25,1,35
0.393545,re,1,1,25,1,7
0.523175,re,1,1,25,1,28
0.850555,re,1,1,25,1,38
0.73297,fu,2,1,25,1,42
0.480975,ru,1,1,25,1,7
0.76952,ru,1,1,25,1,14
0.38578,ru,1,1,25,1,25
0.466705,ru,1,1,25,1,34
0.41856,ge,2,1,25,1,29
0.681925,ge,2,1,25,1,38
0.516865,ge,2,1,25,1,44
0.43845,su,3,1,25,1,9
0.51862,su,3,1,25,1,21
0.5232,su,3,1,25,1,27
0.306955,su,3,1,25,1,35
0.41984,ta,1,2,25,1,10
0.47399,ta,1,2,25,1,22
0.51253,ta,1,2,25,1,31
0.417375,ta,1,2,25,1,43
0.53201,ti,2,2,25,1,5
0.738355,ti,2,2,25,1,18
0.551015,ti,2,2,25,1,23
0.46801,ti,2,2,25,1,32
0.40153,me,3,2,25,1,18
0.45015,me,3,2,25,1,30
0.51303,me,3,2,25,1,42
0.45595,pu,2,2,25,1,11
0.584755,pu,2,2,25,1,20
0.667025,pu,2,2,25,1,26
0.67538,pu,2,2,25,1,35
0.42357,su,3,2,25,1,6
0.435605,su,3,2,25,1,12
0.47285,su,3,2,25,1,33
0.559325,su,3,2,25,1,39
0.441645,ru,1,2,25,1,10
0.477025,ru,1,2,25,1,19
0.46265,ru,1,2,25,1,25
0.86712,ru,1,2,25,1,44
0.439045,ko,3,2,25,1,12
0.501455,ko,3,2,25,1,27
0.457185,ko,3,2,25,1,36
0.45112,ko,3,2,25,1,42
0.517895,re,1,2,25,1,4
0.458165,re,1,2,25,1,16
0.517975,re,1,2,25,1,22
0.66442,re,1,2,25,1,34
0.456595,fu,2,2,25,1,5
0.51356,ni,3,2,25,1,9
0.41637,ni,3,2,25,1,30
0.51776,ni,3,2,25,1,36
0.521885,ni,3,2,25,1,42
0.456925,ge,2,2,25,1,14
0.404565,ge,2,2,25,1,20
0.431415,ge,2,2,25,1,32
0.452275,ge,2,2,25,1,44
0.52399,fe,1,2,25,1,4
0.570695,fe,1,2,25,1,22
0.50324,fe,1,2,25,1,37
0.4485,me,3,3,25,1,15
0.42601,me,3,3,25,1,21
0.184875,me,3,3,25,1,32
0.448235,me,3,3,25,1,45
0.537815,ti,2,3,25,1,5
0.476295,ti,2,3,25,1,32
0.54062,ti,2,3,25,1,38
0.63974,ta,1,3,25,1,16
0.159605,ta,1,3,25,1,27
0.568465,ta,1,3,25,1,40
0.56728,pu,2,3,25,1,11
0.480135,pu,2,3,25,1,20
0.52495,pu,2,3,25,1,26
0.50982,pu,2,3,25,1,44
0.43426,ko,3,3,25,1,6
0.50332,ko,3,3,25,1,18
0.45324,ko,3,3,25,1,30
0.506775,ko,3,3,25,1,42
0.54584,fe,1,3,25,1,7
0.521715,fe,1,3,25,1,19
0.767015,fe,1,3,25,1,26
0.555175,fe,1,3,25,1,34
0.4576,ge,2,3,25,1,8
0.396425,ge,2,3,25,1,14
0.49918,ge,2,3,25,1,20
0.431505,ge,2,3,25,1,32
0.44718,ru,1,3,25,1,7
0.679715,ru,1,3,25,1,28
0.47393,ru,1,3,25,1,34
0.453005,ru,1,3,25,1,40
0.46448,su,3,3,25,1,12
0.425845,su,3,3,25,1,24
0.56754,su,3,3,25,1,30
0.46414,su,3,3,25,1,45
0.436945,re,1,3,25,1,4
0.737805,re,1,3,25,1,14
0.38654,re,1,3,25,1,31
0.439295,re,1,3,25,1,43
0.6137,ni,3,3,25,1,9
0.47258,ni,3,3,25,1,15
0.82948,ni,3,3,25,1,40
0.550245,ni,3,3,25,1,45
0.557405,fu,2,3,25,1,5
0.56912,fu,2,3,25,1,17
0.568575,fu,2,3,25,1,26
0.633445,fu,2,3,25,1,32
0.3194,fu,1,1,26,3,12
0.3744,fu,1,1,26,3,25
0.383615,fu,1,1,26,3,31
0.48664,su,2,1,26,3,5
0.36715,su,2,1,26,3,14
0.309265,su,2,1,26,3,19
0.375965,su,2,1,26,3,35
0.366485,re,3,1,26,3,6
0.127515,re,3,1,26,3,20
0.49671,re,3,1,26,3,30
0.410285,re,3,1,26,3,42
0.550735,ni,2,1,26,3,14
0.46075,ni,2,1,26,3,26
0.54576,ni,2,1,26,3,35
0.478475,fe,3,1,26,3,9
0.417005,fe,3,1,26,3,30
0.10904,fe,3,1,26,3,44
0.662085,pu,1,1,26,3,10
0.397515,pu,1,1,26,3,16
0.492535,pu,1,1,26,3,40
0.63483,ta,3,1,26,3,9
0.616715,ta,3,1,26,3,24
0.517725,ta,3,1,26,3,39
0.48854,ge,1,1,26,3,16
0.41699,ge,1,1,26,3,25
0.513155,ge,1,1,26,3,31
0.368175,ko,2,1,26,3,5
0.367265,ko,2,1,26,3,20
0.39911,ko,2,1,26,3,35
0.45101,ko,2,1,26,3,41
0.500505,ru,3,1,26,3,6
0.446945,ru,3,1,26,3,15
0.447295,ru,3,1,26,3,24
0.766495,ru,3,1,26,3,34
0.46679,me,2,1,26,3,20
0.525685,me,2,1,26,3,26
0.382565,me,2,1,26,3,35
0.499015,me,2,1,26,3,41
0.410545,ti,1,1,26,3,4
0.51143,ti,1,1,26,3,19
0.410735,ti,1,1,26,3,31
0.39657,re,3,2,26,3,21
0.151585,re,3,2,26,3,26
0.39601,re,3,2,26,3,36
0.26083,re,3,2,26,3,41
0.411,su,2,2,26,3,5
0.404855,su,2,2,26,3,20
0.428435,su,2,2,26,3,32
0.492115,su,2,2,26,3,38
0.53426,fu,1,2,26,3,7
0.80351,fu,1,2,26,3,20
0.46025,fu,1,2,26,3,34
0.819565,fu,1,2,26,3,44
0.429095,ni,2,2,26,3,5
0.41637,ni,2,2,26,3,14
0.401725,ni,2,2,26,3,23
0.41773,ni,2,2,26,3,32
0.372865,ta,3,2,26,3,9
0.43359,ta,3,2,26,3,21
0.486385,ta,3,2,26,3,36
1.015055,ta,3,2,26,3,46
0.411315,ti,1,2,26,3,7
0.38436,ti,1,2,26,3,28
0.31161,ti,1,2,26,3,36
0.428425,ti,1,2,26,3,43
0.432485,me,2,2,26,3,11
0.46014,me,2,2,26,3,17
0.41025,me,2,2,26,3,35
0.387815,pu,1,2,26,3,25
0.575435,pu,1,2,26,3,34
0.634225,pu,1,2,26,3,43
0.865255,fe,3,2,26,3,16
0.43138,ge,1,2,26,3,4
0.415425,ge,1,2,26,3,19
0.524085,ge,1,2,26,3,28
0.500875,ge,1,2,26,3,40
0.5339,ru,3,2,26,3,6
0.514885,ru,3,2,26,3,15
0.4886,ru,3,2,26,3,24
0.849545,ru,3,2,26,3,34
0.39901,ko,2,2,26,3,11
0.389055,ko,2,2,26,3,17
0.418475,ko,2,2,26,3,26
0.428595,ko,2,2,26,3,38
0.403285,ni,2,3,26,3,5
0.485685,ni,2,3,26,3,20
0.43017,ni,2,3,26,3,29
0.53381,ni,2,3,26,3,41
0.40559,fu,1,3,26,3,10
0.485985,fu,1,3,26,3,16
0.67542,fu,1,3,26,3,37
0.50065,re,3,3,26,3,21
0.486015,re,3,3,26,3,27
0.534325,re,3,3,26,3,36
0.616285,re,3,3,26,3,42
0.392695,ti,1,3,26,3,4
0.36987,ti,1,3,26,3,19
0.75147,ti,1,3,26,3,38
0.555065,ta,3,3,26,3,15
1.161865,ta,3,3,26,3,47
0.41801,su,2,3,26,3,8
0.383685,su,2,3,26,3,29
0.583435,su,2,3,26,3,38
0.51219,su,2,3,26,3,44
0.37589,ru,3,3,26,3,6
0.77629,ru,3,3,26,3,22
0.510425,ru,3,3,26,3,39
0.818275,ru,3,3,26,3,46
0.401005,ge,1,3,26,3,13
0.460705,ge,1,3,26,3,22
0.47203,ge,1,3,26,3,34
0.398875,ge,1,3,26,3,43
0.37441,ko,2,3,26,3,8
0.40221,ko,2,3,26,3,14
0.400935,ko,2,3,26,3,29
0.478915,ko,2,3,26,3,41
0.403155,pu,1,3,26,3,4
0.58275,pu,1,3,26,3,13
0.398225,pu,1,3,26,3,22
0.59134,pu,1,3,26,3,31
0.3855,me,2,3,26,3,5
0.39781,me,2,3,26,3,20
0.47967,me,2,3,26,3,29
0.45255,me,2,3,26,3,41
0.95033,fe,3,3,26,3,25
0.468,me,3,1,27,1,15
0.404,me,3,1,27,1,21
0.423,ti,2,1,27,1,5
0.463,ti,2,1,27,1,17
0.67,ti,2,1,27,1,23
0.473,ti,2,1,27,1,32
0.504,ta,1,1,27,1,4
0.391,ta,1,1,27,1,16
0.67,ta,1,1,27,1,25
0.545,ta,1,1,27,1,31
0.431,pu,2,1,27,1,26
0.459,pu,2,1,27,1,35
0.544,pu,2,1,27,1,41
0.414,ko,3,1,27,1,6
0.505,ko,3,1,27,1,27
0.471,ko,3,1,27,1,33
0.468,fe,1,1,27,1,4
0.471,fe,1,1,27,1,34
0.549,fe,1,1,27,1,43
0.457,ge,2,1,27,1,5
0.511,ge,2,1,27,1,17
0.42,ge,2,1,27,1,29
0.585,ge,2,1,27,1,41
0.459,ru,1,1,27,1,10
0.503,ru,1,1,27,1,25
0.546,su,3,1,27,1,6
0.547,su,3,1,27,1,12
0.553,su,3,1,27,1,33
0.462,re,1,1,27,1,13
0.591,re,1,1,27,1,22
0.487,re,1,1,27,1,40
0.43,ni,3,1,27,1,12
0.96,ni,3,1,27,1,28
0.461,ni,3,1,27,1,36
0.891,fu,2,1,27,1,6
0.594,fu,2,1,27,1,17
0.585,fu,2,1,27,1,29
0.428,ta,1,2,27,1,7
0.549,ta,1,2,27,1,13
0.469,ta,1,2,27,1,28
0.503,ta,1,2,27,1,40
0.508,ti,2,2,27,1,5
0.472,ti,2,2,27,1,11
0.43,ti,2,2,27,1,32
0.785,ti,2,2,27,1,39
0.499,me,3,2,27,1,6
0.474,me,3,2,27,1,15
0.515,me,3,2,27,1,39
0.508,pu,2,2,27,1,26
0.647,pu,2,2,27,1,35
0.551,su,3,2,27,1,12
0.557,su,3,2,27,1,21
0.422,su,3,2,27,1,36
0.57,su,3,2,27,1,42
0.504,ru,1,2,27,1,4
0.562,ru,1,2,27,1,25
0.482,ko,3,2,27,1,9
0.563,ko,3,2,27,1,21
0.59,ko,3,2,27,1,27
1.133,ko,3,2,27,1,41
0.619,re,1,2,27,1,4
0.584,re,1,2,27,1,25
0.557,re,1,2,27,1,31
0.462,ni,3,2,27,1,18
0.503,ni,3,2,27,1,27
0.588,ni,3,2,27,1,36
0.545,ni,3,2,27,1,42
0.456,ge,2,2,27,1,14
0.587,ge,2,2,27,1,23
0.425,ge,2,2,27,1,32
0.499,ge,2,2,27,1,41
0.515,fe,1,2,27,1,16
0.542,fe,1,2,27,1,31
0.478,pu,2,3,27,1,8
0.601,pu,2,3,27,1,38
0.584,ta,1,3,27,1,7
0.489,ta,1,3,27,1,13
0.677,ta,1,3,27,1,19
0.531,me,3,3,27,1,6
0.464,me,3,3,27,1,18
0.465,me,3,3,27,1,24
0.461,me,3,3,27,1,36
0.502,fe,1,3,27,1,10
0.497,fe,1,3,27,1,40
0.635,ko,3,3,27,1,6
0.668,ko,3,3,27,1,18
0.47,ko,3,3,27,1,30
0.521,ko,3,3,27,1,42
0.515,ti,2,3,27,1,5
0.582,ti,2,3,27,1,11
0.575,ti,2,3,27,1,32
0.761,ti,2,3,27,1,39
0.596,ni,3,3,27,1,18
0.632,ni,3,3,27,1,27
0.845,ni,3,3,27,1,37
0.594,ni,3,3,27,1,42
0.584,re,1,3,27,1,7
0.598,re,1,3,27,1,19
0.59,re,1,3,27,1,31
0.664,ru,1,3,27,1,10
0.505,ru,1,3,27,1,25
0.543,ru,1,3,27,1,34
0.553,ru,1,3,27,1,40
0.504,ge,2,3,27,1,5
0.464,ge,2,3,27,1,17
0.546,ge,2,3,27,1,23
0.465,ge,2,3,27,1,35
0.557,su,3,3,27,1,12
0.51,su,3,3,27,1,21
0.632,su,3,3,27,1,36
0.546,su,3,3,27,1,42
0.39833,pu,2,1,28,1,8
0.432715,pu,2,1,28,1,14
0.498425,pu,2,1,28,1,20
0.416905,ta,1,1,28,1,4
0.4441,ta,1,1,28,1,16
0.45237,ta,1,1,28,1,25
0.46284,ta,1,1,28,1,31
0.50869,me,3,1,28,1,6
0.44962,me,3,1,28,1,18
0.53618,me,3,1,28,1,24
0.4663,me,3,1,28,1,36
0.48956,fe,1,1,28,1,10
0.610535,fe,1,1,28,1,19
0.47542,fe,1,1,28,1,34
0.477785,fe,1,1,28,1,40
0.446905,ko,3,1,28,1,6
0.432175,ko,3,1,28,1,18
0.44793,ko,3,1,28,1,30
0.452675,ko,3,1,28,1,42
0.43201,ti,2,1,28,1,11
0.486295,ti,2,1,28,1,23
0.56985,ti,2,1,28,1,29
0.450655,ti,2,1,28,1,44
0.43318,ni,3,1,28,1,9
0.46736,ni,3,1,28,1,30
0.51951,ni,3,1,28,1,36
0.57026,ni,3,1,28,1,42
0.51882,re,1,1,28,1,4
0.509685,re,1,1,28,1,13
0.449045,re,1,1,28,1,37
0.471545,fu,2,1,28,1,23
0.47588,fu,2,1,28,1,32
0.587695,fu,2,1,28,1,38
0.50769,fu,2,1,28,1,44
0.5206,ru,1,1,28,1,16
0.519215,ru,1,1,28,1,25
0.4894,ru,1,1,28,1,34
0.61814,ru,1,1,28,1,40
0.439535,ge,2,1,28,1,5
0.48337,ge,2,1,28,1,26
0.472335,ge,2,1,28,1,32
0.500385,ge,2,1,28,1,41
0.516345,su,3,1,28,1,6
0.535395,su,3,1,28,1,12
0.44291,su,3,1,28,1,33
0.51851,su,3,1,28,1,39
0.53128,ta,1,2,28,1,10
0.447605,ta,1,2,28,1,22
0.484825,ta,1,2,28,1,31
0.50464,ta,1,2,28,1,43
0.518955,ti,2,2,28,1,11
0.54551,ti,2,2,28,1,20
0.506365,ti,2,2,28,1,35
0.549565,ti,2,2,28,1,41
0.48252,me,3,2,28,1,6
0.54881,me,3,2,28,1,15
0.57559,me,3,2,28,1,21
0.474045,me,3,2,28,1,39
0.50739,pu,2,2,28,1,8
0.64032,pu,2,2,28,1,14
0.43349,pu,2,2,28,1,38
0.49427,pu,2,2,28,1,44
0.51512,su,3,2,28,1,6
0.483255,su,3,2,28,1,12
0.46523,su,3,2,28,1,33
0.50754,su,3,2,28,1,39
0.514975,ru,1,2,28,1,10
0.531555,ru,1,2,28,1,19
0.532295,ru,1,2,28,1,25
0.440655,ru,1,2,28,1,34
0.550095,ko,3,2,28,1,12
0.665475,ko,3,2,28,1,18
0.451145,ko,3,2,28,1,30
0.536005,ko,3,2,28,1,42
0.47657,re,1,2,28,1,7
0.456765,re,1,2,28,1,28
0.55011,re,1,2,28,1,37
0.85016,re,1,2,28,1,44
0.559255,ni,3,2,28,1,9
0.52544,ni,3,2,28,1,15
0.475125,ni,3,2,28,1,21
0.500455,ni,3,2,28,1,36
0.5825,ge,2,2,28,1,14
0.52668,ge,2,2,28,1,20
0.49302,ge,2,2,28,1,32
0.50104,ge,2,2,28,1,44
0.537455,fe,1,2,28,1,10
0.4865,fe,1,2,28,1,16
0.5136,fe,1,2,28,1,28
0.56679,fe,1,2,28,1,37
0.510595,me,3,3,28,1,15
0.47779,me,3,3,28,1,21
0.49982,me,3,3,28,1,33
0.484235,me,3,3,28,1,45
0.47219,ti,2,3,28,1,11
0.53465,ti,2,3,28,1,35
0.616485,ti,2,3,28,1,41
0.54946,ta,1,3,28,1,7
0.6534,ta,1,3,28,1,13
0.47395,pu,2,3,28,1,17
0.589065,pu,2,3,28,1,26
0.407275,pu,2,3,28,1,35
0.41713,pu,2,3,28,1,41
0.486435,ko,3,3,28,1,6
0.724405,ko,3,3,28,1,18
0.53911,ko,3,3,28,1,30
0.485355,ko,3,3,28,1,42
0.478205,fe,1,3,28,1,10
0.45026,fe,1,3,28,1,22
0.58269,fe,1,3,28,1,28
0.46942,fe,1,3,28,1,43
0.45453,ge,2,3,28,1,5
0.405285,ge,2,3,28,1,14
0.504725,ge,2,3,28,1,20
0.47386,ge,2,3,28,1,38
0.521635,ru,1,3,28,1,4
0.52141,ru,1,3,28,1,25
0.550375,ru,1,3,28,1,34
0.459945,ru,1,3,28,1,43
0.442715,su,3,3,28,1,6
0.48567,su,3,3,28,1,18
0.637985,su,3,3,28,1,24
0.44047,su,3,3,28,1,33
0.46961,re,1,3,28,1,13
0.535165,re,1,3,28,1,22
0.454145,re,1,3,28,1,31
0.482355,re,1,3,28,1,40
0.43407,ni,3,3,28,1,12
0.5599,ni,3,3,28,1,27
0.575525,ni,3,3,28,1,36
0.53392,ni,3,3,28,1,42
0.43308,fu,2,3,28,1,8
0.520705,fu,2,3,28,1,14
0.48487,fu,2,3,28,1,29
0.466775,fu,2,3,28,1,41
0.44139,ni,2,1,29,3,5
0.601675,ni,2,1,29,3,20
0.40885,ni,2,1,29,3,29
0.47691,ni,2,1,29,3,41
0.3545,fu,1,1,29,3,10
0.46142,fu,1,1,29,3,16
0.35897,fu,1,1,29,3,25
0.47218,fu,1,1,29,3,37
0.465955,re,3,1,29,3,6
0.452395,re,3,1,29,3,21
0.577335,re,3,1,29,3,30
0.435415,re,3,1,29,3,42
0.09932,ti,1,1,29,3,3
0.60475,ti,1,1,29,3,13
0.36934,ti,1,1,29,3,22
0.488285,ti,1,1,29,3,34
0.392375,ta,3,1,29,3,9
0.49833,ta,3,1,29,3,15
0.505015,ta,3,1,29,3,30
0.406165,ta,3,1,29,3,42
0.389435,su,2,1,29,3,5
0.38777,su,2,1,29,3,14
0.435685,su,2,1,29,3,20
0.470805,su,2,1,29,3,35
0.484455,ru,3,1,29,3,12
0.358745,ru,3,1,29,3,18
0.484665,ru,3,1,29,3,33
0.59378,ru,3,1,29,3,42
0.58417,ge,1,1,29,3,19
0.503365,ge,1,1,29,3,28
0.496495,ge,1,1,29,3,37
0.72171,ge,1,1,29,3,44
0.408475,ko,2,1,29,3,8
0.45064,ko,2,1,29,3,14
0.52762,ko,2,1,29,3,26
0.574715,ko,2,1,29,3,32
0.44092,pu,1,1,29,3,25
0.46917,pu,1,1,29,3,34
0.620525,pu,1,1,29,3,43
0.46946,me,2,1,29,3,20
0.537295,me,2,1,29,3,26
0.55229,me,2,1,29,3,35
0.657105,me,2,1,29,3,41
0.631375,fu,1,2,29,3,7
0.441245,fu,1,2,29,3,13
0.542085,fu,1,2,29,3,28
0.58367,fu,1,2,29,3,40
0.57263,su,2,2,29,3,5
0.45941,su,2,2,29,3,14
0.605485,su,2,2,29,3,20
0.971625,su,2,2,29,3,36
0.510585,re,3,2,29,3,12
0.520135,re,3,2,29,3,18
0.48298,re,3,2,29,3,27
0.571145,re,3,2,29,3,33
0.484055,ni,2,2,29,3,11
0.497005,ni,2,2,29,3,17
0.522125,ni,2,2,29,3,32
0.53815,ni,2,2,29,3,41
0.667355,fe,3,2,29,3,12
0.60097,fe,3,2,29,3,27
0.483035,fe,3,2,29,3,33
0.45685,pu,1,2,29,3,10
0.45818,pu,1,2,29,3,16
0.417715,pu,1,2,29,3,31
0.457955,pu,1,2,29,3,40
0.55527,ta,3,2,29,3,9
0.60181,ta,3,2,29,3,15
0.53831,ta,3,2,29,3,27
0.532735,ta,3,2,29,3,33
0.517165,ge,1,2,29,3,7
0.54912,ge,1,2,29,3,22
0.567035,ge,1,2,29,3,31
0.51576,ge,1,2,29,3,43
0.56708,ko,2,2,29,3,8
0.51583,ko,2,2,29,3,17
0.65393,ko,2,2,29,3,23
0.58251,ko,2,2,29,3,38
0.52216,ru,3,2,29,3,12
0.598375,ru,3,2,29,3,18
0.59351,ru,3,2,29,3,33
0.601825,ru,3,2,29,3,42
0.472185,me,2,2,29,3,14
0.61673,me,2,2,29,3,23
0.517815,me,2,2,29,3,35
0.434375,me,2,2,29,3,44
0.44168,ti,1,2,29,3,7
0.50723,ti,1,2,29,3,16
0.452435,ti,1,2,29,3,25
0.584605,ti,1,2,29,3,34
0.47132,re,3,3,29,3,12
0.490225,re,3,3,29,3,18
0.470215,re,3,3,29,3,27
0.593495,re,3,3,29,3,33
0.41457,su,2,3,29,3,5
0.527325,su,2,3,29,3,14
0.65564,su,2,3,29,3,20
0.5087,su,2,3,29,3,35
0.435905,fu,1,3,29,3,7
0.8073,fu,1,3,29,3,17
0.48873,fu,1,3,29,3,22
0.557135,fu,1,3,29,3,37
0.586765,ni,2,3,29,3,8
0.41498,ni,2,3,29,3,14
0.54895,ni,2,3,29,3,26
0.58718,ni,2,3,29,3,38
0.560255,ta,3,3,29,3,12
0.758025,ta,3,3,29,3,19
0.65048,ta,3,3,29,3,27
0.50574,ta,3,3,29,3,39
0.115495,ti,1,3,29,3,6
0.527565,ti,1,3,29,3,22
0.516995,ti,1,3,29,3,37
1.103915,ti,1,3,29,3,45
0.431715,me,2,3,29,3,5
0.449555,me,2,3,29,3,11
0.455605,me,2,3,29,3,35
0.552375,me,2,3,29,3,44
0.507115,pu,1,3,29,3,4
0.416775,pu,1,3,29,3,13
0.524505,pu,1,3,29,3,22
0.459365,pu,1,3,29,3,31
0.666755,fe,3,3,29,3,21
0.450225,fe,3,3,29,3,33
0.773315,fe,3,3,29,3,40
0.44883,ge,1,3,29,3,4
0.440385,ge,1,3,29,3,10
0.509575,ge,1,3,29,3,34
0.61503,ge,1,3,29,3,43
0.540775,ru,3,3,29,3,12
0.48473,ru,3,3,29,3,18
0.39158,ru,3,3,29,3,30
0.60096,ru,3,3,29,3,42
0.39389,ko,2,3,29,3,8
0.423875,ko,2,3,29,3,20
0.565645,ko,2,3,29,3,35
0.589765,ko,2,3,29,3,44
0.36933,ge,3,1,30,5,9
0.47834,ge,3,1,30,5,21
0.367395,ge,3,1,30,5,33
0.367095,ge,3,1,30,5,39
0.635175,fe,2,1,30,5,26
0.3507,ko,1,1,30,5,4
0.486625,ko,1,1,30,5,13
0.46377,ko,1,1,30,5,19
0.4811,ko,1,1,30,5,34
0.381295,ru,2,1,30,5,8
0.36349,ru,2,1,30,5,17
0.373585,ru,2,1,30,5,32
0.46877,ru,2,1,30,5,41
0.48675,fu,3,1,30,5,9
0.35183,fu,3,1,30,5,18
0.31495,fu,3,1,30,5,29
0.408925,fu,3,1,30,5,39
0.369195,su,1,1,30,5,4
0.400215,su,1,1,30,5,10
0.42817,su,1,1,30,5,34
0.500795,su,1,1,30,5,40
0.36802,re,2,1,30,5,14
0.40307,re,2,1,30,5,23
0.036555,re,2,1,30,5,31
0.387985,re,2,1,30,5,44
0.355345,ni,1,1,30,5,7
0.557775,ni,1,1,30,5,19
0.550935,ni,1,1,30,5,34
0.31777,ti,3,1,30,5,5
0.278475,ti,3,1,30,5,11
0.37908,ti,3,1,30,5,24
0.31274,ti,3,1,30,5,38
0.39751,me,1,1,30,5,7
0.662145,me,1,1,30,5,19
0.40042,me,1,1,30,5,31
0.471825,pu,3,1,30,5,9
0.54877,pu,3,1,30,5,27
0.21245,pu,3,1,30,5,35
0.351755,ta,2,1,30,5,5
0.395975,ta,2,1,30,5,35
0.40897,ru,2,2,30,5,20
0.62501,ru,2,2,30,5,26
0.395515,ru,2,2,30,5,35
0.32074,ko,1,2,30,5,3
0.375815,ko,1,2,30,5,13
0.46993,ko,1,2,30,5,22
0.47421,ko,1,2,30,5,28
0.408695,ge,3,2,30,5,18
0.483465,ge,3,2,30,5,27
0.415675,ge,3,2,30,5,36
0.409385,ge,3,2,30,5,45
0.359535,su,1,2,30,5,10
0.57867,su,1,2,30,5,16
0.469165,su,1,2,30,5,25
0.401255,su,1,2,30,5,34
0.411945,fu,3,2,30,5,15
0.30085,fu,3,2,30,5,23
0.415485,fu,3,2,30,5,33
0.408905,fu,3,2,30,5,39
0.35117,pu,3,2,30,5,12
0.615945,pu,3,2,30,5,27
0.40151,pu,3,2,30,5,33
0.373055,pu,3,2,30,5,45
0.3691,me,1,2,30,5,10
0.357165,me,1,2,30,5,22
0.50085,me,1,2,30,5,28
0.367065,me,1,2,30,5,43
0.19712,ta,2,2,30,5,13
0.398515,ta,2,2,30,5,32
0.57022,ni,1,2,30,5,4
0.053555,ni,1,2,30,5,12
0.31847,ni,1,2,30,5,18
0.430875,ni,1,2,30,5,40
0.359805,re,2,2,30,5,8
0.472125,re,2,2,30,5,20
0.293575,re,2,2,30,5,31
0.4331,re,2,2,30,5,38
0.43491,ti,3,2,30,5,9
0.499845,ti,3,2,30,5,18
0.46455,ti,3,2,30,5,24
0.386035,ti,3,2,30,5,42
0.404935,ko,1,3,30,5,13
0.44079,ko,1,3,30,5,25
0.63349,ko,1,3,30,5,34
0.466915,ko,1,3,30,5,43
0.385425,ge,3,3,30,5,18
0.35237,ge,3,3,30,5,27
0.3811,ge,3,3,30,5,36
0.29406,ge,3,3,30,5,44
0.397225,ru,2,3,30,5,11
0.42376,ru,2,3,30,5,17
0.409085,ru,2,3,30,5,23
0.462325,ru,2,3,30,5,38
0.3518,ti,3,3,30,5,9
0.555205,ti,3,3,30,5,30
0.96162,ti,3,3,30,5,37
0.381715,ti,3,3,30,5,45
0.475805,ni,1,3,30,5,7
0.37156,ni,1,3,30,5,19
0.44833,ni,1,3,30,5,25
0.400645,ni,1,3,30,5,37
0.383965,fu,3,3,30,5,6
0.41258,fu,3,3,30,5,15
0.46782,fu,3,3,30,5,21
0.402495,fu,3,3,30,5,33
0.51776,me,1,3,30,5,7
0.369055,me,1,3,30,5,19
0.371675,me,1,3,30,5,31
0.65971,me,1,3,30,5,37
0.371595,ta,2,3,30,5,14
0.483005,ta,2,3,30,5,26
0.58928,ta,2,3,30,5,44
0.395655,pu,3,3,30,5,6
0.31611,pu,3,3,30,5,14
0.313365,pu,3,3,30,5,20
0.54798,pu,3,3,30,5,42
0.061105,re,2,3,30,5,4
0.046145,re,2,3,30,5,19
0.29891,re,2,3,30,5,40
0.385685,su,1,3,30,5,4
0.485265,su,1,3,30,5,10
0.41631,su,1,3,30,5,34
0.52113,su,1,3,30,5,40
0.50042,ge,3,1,31,5,12
0.516305,ge,3,1,31,5,24
0.400055,ge,3,1,31,5,30
0.398155,ge,3,1,31,5,45
0.53773,ko,1,1,31,5,13
0.658885,ko,1,1,31,5,22
0.517015,ko,1,1,31,5,31
0.85025,ko,1,1,31,5,38
0.51887,ru,2,1,31,5,11
0.61888,ru,2,1,31,5,17
0.583465,ru,2,1,31,5,23
0.584045,ru,2,1,31,5,38
0.526775,fu,3,1,31,5,6
0.53416,fu,3,1,31,5,15
0.583565,fu,3,1,31,5,24
0.850895,fu,3,1,31,5,31
0.558995,su,1,1,31,5,4
0.59306,su,1,1,31,5,13
0.477565,su,1,1,31,5,31
0.467085,su,1,1,31,5,40
0.45529,re,2,1,31,5,8
0.51078,re,2,1,31,5,23
0.521175,re,2,1,31,5,29
0.48391,re,2,1,31,5,44
0.440055,ni,1,1,31,5,10
0.65098,ni,1,1,31,5,16
0.534185,ni,1,1,31,5,22
0.384945,ni,1,1,31,5,37
0.501715,ti,3,1,31,5,6
0.50102,ti,3,1,31,5,12
0.517875,ti,3,1,31,5,36
0.63299,ti,3,1,31,5,42
0.559125,me,1,1,31,5,16
0.617445,me,1,1,31,5,25
0.584665,me,1,1,31,5,34
0.71742,me,1,1,31,5,44
0.70352,pu,3,1,31,5,13
0.66706,pu,3,1,31,5,18
0.41623,pu,3,1,31,5,24
0.38928,pu,3,1,31,5,39
0.7275,ta,2,1,31,5,30
0.467025,ru,2,2,31,5,8
0.51083,ru,2,2,31,5,20
0.843885,ru,2,2,31,5,27
0.533545,ru,2,2,31,5,35
0.60256,ko,1,2,31,5,7
0.54937,ko,1,2,31,5,19
0.54011,ko,1,2,31,5,28
0.53396,ko,1,2,31,5,40
0.362415,ge,3,2,31,5,6
0.40748,ge,3,2,31,5,21
0.450045,ge,3,2,31,5,30
0.57723,ge,3,2,31,5,42
0.500645,su,1,2,31,5,4
0.535195,su,1,2,31,5,10
0.48382,su,1,2,31,5,34
0.60075,su,1,2,31,5,40
0.506045,fu,3,2,31,5,6
0.485605,fu,3,2,31,5,15
0.4819,fu,3,2,31,5,27
0.51716,fu,3,2,31,5,42
0.96651,pu,3,2,31,5,10
0.70101,pu,3,2,31,5,28
0.435615,pu,3,2,31,5,36
0.524775,me,1,2,31,5,4
0.506555,me,1,2,31,5,19
0.600375,me,1,2,31,5,31
0.58403,me,1,2,31,5,40
0.966545,ta,2,2,31,5,6
0.466505,ta,2,2,31,5,23
0.433175,ta,2,2,31,5,29
0.424615,ni,1,2,31,5,7
0.592675,ni,1,2,31,5,19
0.59721,ni,1,2,31,5,25
0.44796,ni,1,2,31,5,34
0.56133,re,2,2,31,5,20
0.467285,re,2,2,31,5,26
0.525585,re,2,2,31,5,35
0.622955,re,2,2,31,5,44
0.45,ti,3,2,31,5,6
0.436705,ti,3,2,31,5,12
0.46065,ti,3,2,31,5,24
0.490555,ti,3,2,31,5,39
0.53425,ko,1,3,31,5,4
0.53424,ko,1,3,31,5,13
0.5672,ko,1,3,31,5,19
0.539615,ko,1,3,31,5,34
0.58367,ge,3,3,31,5,12
0.394975,ge,3,3,31,5,18
0.42276,ge,3,3,31,5,36
0.425035,ge,3,3,31,5,45
0.70037,ru,2,3,31,5,12
0.79595,ru,2,3,31,5,24
0.566905,ru,2,3,31,5,32
0.5685,ru,2,3,31,5,38
0.66718,ti,3,3,31,5,9
0.46009,ti,3,3,31,5,30
0.550255,ti,3,3,31,5,36
0.423555,ti,3,3,31,5,45
0.67885,ni,1,3,31,5,4
0.401895,ni,1,3,31,5,13
0.276655,ni,1,3,31,5,18
0.622595,ni,1,3,31,5,40
0.56707,fu,3,3,31,5,6
0.60837,fu,3,3,31,5,15
0.515845,fu,3,3,31,5,24
0.51015,fu,3,3,31,5,30
0.540375,me,1,3,31,5,13
0.502635,me,1,3,31,5,22
0.60847,me,1,3,31,5,31
0.840775,me,1,3,31,5,44
0.573405,pu,3,3,31,5,9
0.406565,pu,3,3,31,5,21
0.594135,pu,3,3,31,5,27
0.813305,pu,3,3,31,5,37
0.66902,re,2,3,31,5,20
0.475145,re,2,3,31,5,26
0.466695,re,2,3,31,5,35
0.357015,re,2,3,31,5,44
1.050735,su,1,3,31,5,6
0.561875,su,1,3,31,5,13
0.66115,su,1,3,31,5,31
0.63329,su,1,3,31,5,40
0.5572,ru,2,1,32,5,8
0.461265,ru,2,1,32,5,17
0.536805,ru,2,1,32,5,32
0.66073,ru,2,1,32,5,41
0.520035,ko,1,1,32,5,7
0.53594,ko,1,1,32,5,19
0.485815,ko,1,1,32,5,28
0.45566,ko,1,1,32,5,40
0.53401,ge,3,1,32,5,18
0.514885,ge,3,1,32,5,27
0.46558,ge,3,1,32,5,36
0.40107,ge,3,1,32,5,45
0.467275,su,1,1,32,5,7
0.544645,su,1,1,32,5,16
0.45267,su,1,1,32,5,22
0.407445,su,1,1,32,5,40
0.573835,fu,3,1,32,5,6
0.536195,fu,3,1,32,5,15
0.53775,fu,3,1,32,5,21
0.635645,fu,3,1,32,5,33
0.50627,fe,2,1,32,5,5
0.850715,fe,2,1,32,5,15
0.590595,fe,2,1,32,5,32
0.55517,fe,2,1,32,5,41
0.72441,pu,3,1,32,5,10
1.190955,pu,3,1,32,5,29
0.50438,pu,3,1,32,5,39
0.43632,me,1,1,32,5,16
0.505315,me,1,1,32,5,25
0.454395,me,1,1,32,5,34
0.491255,me,1,1,32,5,43
0.583585,ta,2,1,32,5,5
0.50661,ta,2,1,32,5,14
0.48809,ta,2,1,32,5,26
0.456185,ta,2,1,32,5,41
0.648405,ni,1,1,32,5,7
0.515355,ni,1,1,32,5,16
0.520945,ni,1,1,32,5,31
0.53627,ni,1,1,32,5,40
0.52493,re,2,1,32,5,5
0.091125,re,2,1,32,5,19
0.48471,re,2,1,32,5,32
0.617015,re,2,1,32,5,41
0.509635,ti,3,1,32,5,12
0.578775,ti,3,1,32,5,24
0.857105,ti,3,1,32,5,31
0.541345,ti,3,1,32,5,45
0.46916,ge,3,2,32,5,15
0.53618,ge,3,2,32,5,24
0.52495,ge,3,2,32,5,33
0.45088,ge,3,2,32,5,45
0.717585,fe,2,2,32,5,12
0.70101,fe,2,2,32,5,24
0.568405,fe,2,2,32,5,44
0.56802,ko,1,2,32,5,7
0.526555,ko,1,2,32,5,16
0.57653,ko,1,2,32,5,28
0.61496,ko,1,2,32,5,37
0.54306,ru,2,2,32,5,8
0.594875,ru,2,2,32,5,20
0.55265,ru,2,2,32,5,44
0.6576,fu,3,2,32,5,6
0.55645,fu,3,2,32,5,15
0.61793,su,1,2,32,5,4
0.57059,su,1,2,32,5,10
0.51405,su,1,2,32,5,34
0.578795,su,1,2,32,5,40
0.535715,re,2,2,32,5,11
0.577315,re,2,2,32,5,17
0.521235,re,2,2,32,5,35
0.541935,re,2,2,32,5,44
0.517145,ni,1,2,32,5,10
0.655095,ni,1,2,32,5,25
0.484845,ni,1,2,32,5,43
0.74203,ti,3,2,32,5,7
0.550835,ti,3,2,32,5,18
0.536175,ti,3,2,32,5,30
0.53191,ti,3,2,32,5,42
0.63683,me,1,2,32,5,4
0.551075,me,1,2,32,5,19
0.88404,me,1,2,32,5,29
0.601445,me,1,2,32,5,40
0.638935,pu,3,2,32,5,9
0.65078,pu,3,2,32,5,21
0.572515,pu,3,2,32,5,39
0.617265,ta,2,2,32,5,8
0.46589,ta,2,2,32,5,17
0.535275,ta,2,2,32,5,29
0.500755,ta,2,2,32,5,38
0.528315,ko,1,3,32,5,4
0.474785,ko,1,3,32,5,13
0.500835,ko,1,3,32,5,25
0.567135,ko,1,3,32,5,40
0.50501,fe,2,3,32,5,5
0.79087,fe,2,3,32,5,12
0.608595,fe,2,3,32,5,35
0.59307,fe,2,3,32,5,41
0.499475,ge,3,3,32,5,18
0.620945,ge,3,3,32,5,27
0.48363,ge,3,3,32,5,36
0.519835,ge,3,3,32,5,45
0.71811,ru,2,3,32,5,9
0.575405,ru,2,3,32,5,20
1.18207,ru,2,3,32,5,28
0.56851,ru,2,3,32,5,35
0.58484,ti,3,3,32,5,6
0.44536,ti,3,3,32,5,15
0.48308,ti,3,3,32,5,33
0.488305,ti,3,3,32,5,42
0.48812,ni,1,3,32,5,10
0.48377,ni,1,3,32,5,25
0.59473,ni,1,3,32,5,31
0.537465,ni,1,3,32,5,43
0.66986,fu,3,3,32,5,24
0.506665,fu,3,3,32,5,33
0.46655,me,1,3,32,5,7
0.521855,me,1,3,32,5,22
0.82014,me,1,3,32,5,29
0.508605,me,1,3,32,5,43
0.41088,ta,2,3,32,5,14
0.48352,ta,2,3,32,5,23
0.483975,ta,2,3,32,5,29
0.509375,pu,3,3,32,5,9
0.584805,pu,3,3,32,5,36
0.268825,re,2,3,32,5,7
0.59638,re,2,3,32,5,20
0.60066,re,2,3,32,5,32
0.578315,su,1,3,32,5,4
0.56784,su,1,3,32,5,13
0.606265,su,1,3,32,5,31
0.845815,su,1,3,32,5,41
0.525034999,pu,2,1,33,1,11
0.600949999,pu,2,1,33,1,26
0.446865,pu,2,1,33,1,35
1.190374999,ta,1,1,33,1,9
0.81573,ta,1,1,33,1,14
0.643424999,ta,1,1,33,1,40
0.701235,me,3,1,33,1,7
0.700549999,me,3,1,33,1,19
0.722545,me,3,1,33,1,31
0.562709999,me,3,1,33,1,42
0.53685,fe,1,1,33,1,4
0.469155,fe,1,1,33,1,16
0.4035,fe,1,1,33,1,22
0.501359999,fe,1,1,33,1,31
0.605005,ko,3,1,33,1,9
0.884419999,ko,3,1,33,1,16
0.509425,ko,3,1,33,1,30
0.804045,ko,3,1,33,1,43
0.564075,ti,2,1,33,1,5
0.566459999,ti,2,1,33,1,23
0.600185,ti,2,1,33,1,29
0.787734999,ti,2,1,33,1,39
0.563750001,ni,3,1,33,1,12
0.568439999,ni,3,1,33,1,21
0.606345,ni,3,1,33,1,27
0.72136,ni,3,1,33,1,37
0.610330001,re,1,1,33,1,4
0.609909999,re,1,1,33,1,16
0.882084999,re,1,1,33,1,23
0.887805,re,1,1,33,1,35
0.81803,fu,2,1,33,1,21
0.651975,fu,2,1,33,1,26
0.52441,ru,1,1,33,1,4
0.632935,ru,1,1,33,1,25
0.98507,ru,1,1,33,1,35
0.84876,ru,1,1,33,1,44
0.601039999,ge,2,1,33,1,8
0.60512,ge,2,1,33,1,14
0.673105,ge,2,1,33,1,20
0.37012,ge,2,1,33,1,32
0.560314999,su,3,1,33,1,12
1.118865,su,3,1,33,1,20
0.633939999,su,3,1,33,1,30
0.48662,su,3,1,33,1,39
0.625554999,ta,1,2,33,1,22
0.588995,ta,1,2,33,1,31
0.725494999,ta,1,2,33,1,38
0.52299,ta,1,2,33,1,43
0.592624999,ti,2,2,33,1,5
0.64979,ti,2,2,33,1,11
0.61069,ti,2,2,33,1,35
0.55454,ti,2,2,33,1,44
0.723200001,me,3,2,33,1,10
0.634315001,me,3,2,33,1,30
0.56978,me,3,2,33,1,45
0.836635,pu,2,2,33,1,9
0.639985,pu,2,2,33,1,14
0.58187,pu,2,2,33,1,20
0.416935001,pu,2,2,33,1,35
0.600925,su,3,2,33,1,18
0.584655001,su,3,2,33,1,30
0.958814999,su,3,2,33,1,40
0.832930001,ru,1,2,33,1,8
0.74235,ru,1,2,33,1,14
0.56753,ru,1,2,33,1,25
0.717135,ru,1,2,33,1,35
0.53516,ko,3,2,33,1,12
0.568049999,ko,3,2,33,1,24
0.573680001,ko,3,2,33,1,33
0.714899999,ko,3,2,33,1,46
0.625449999,re,1,2,33,1,28
0.516419999,fu,2,2,33,1,11
0.815269999,fu,2,2,33,1,33
0.535475001,ni,3,2,33,1,6
0.54863,ni,3,2,33,1,27
0.703554999,ni,3,2,33,1,37
0.64858,ni,3,2,33,1,45
0.53325,ge,2,2,33,1,5
0.675410001,ge,2,2,33,1,17
0.64821,ge,2,2,33,1,29
0.531754999,ge,2,2,33,1,41
0.70138,fe,1,2,33,1,5
0.59681,me,3,3,33,1,6
0.568520001,me,3,3,33,1,18
0.603835001,me,3,3,33,1,24
0.54809,me,3,3,33,1,36
0.620575001,ti,2,3,33,1,5
0.61529,ti,2,3,33,1,11
0.623515001,ti,2,3,33,1,44
1.020264999,ta,1,3,33,1,8
0.865960001,ta,1,3,33,1,20
0.972639999,ta,1,3,33,1,26
0.833915,ta,1,3,33,1,38
0.581904999,pu,2,3,33,1,17
0.817035,pu,2,3,33,1,27
0.701110001,pu,2,3,33,1,42
0.66598,ko,3,3,33,1,6
0.53814,ko,3,3,33,1,18
0.631930001,ko,3,3,33,1,30
0.821659999,ko,3,3,33,1,43
0.515685,fe,1,3,33,1,10
0.559680001,ge,2,3,33,1,14
0.56868,ge,2,3,33,1,23
0.66854,ge,2,3,33,1,32
0.79944,ge,2,3,33,1,42
0.502590001,ru,1,3,33,1,4
0.604940001,ru,1,3,33,1,25
0.639369999,ru,1,3,33,1,34
0.560194999,ru,1,3,33,1,43
0.577269999,su,3,3,33,1,6
0.888259999,su,3,3,33,1,13
0.651675,su,3,3,33,1,33
0.50605,su,3,3,33,1,39
0.754195,re,1,3,33,1,14
0.657155001,re,1,3,33,1,22
0.64685,re,1,3,33,1,31
0.534469999,re,1,3,33,1,40
0.615505,ni,3,3,33,1,12
0.848725,ni,3,3,33,1,22
0.8416,ni,3,3,33,1,46
0.969105001,fu,2,3,33,1,24
1.18533,fu,2,3,33,1,34
0.769595,fu,2,3,33,1,39
0.70121,fu,2,3,33,1,45
0.524815,ta,1,1,34,1,10
0.344965,ta,1,1,34,1,15
0.40213,ta,1,1,34,1,28
0.485155,ta,1,1,34,1,40
0.385015,ti,2,1,34,1,5
0.551905,ti,2,1,34,1,11
0.47704,ti,2,1,34,1,35
0.50687,ti,2,1,34,1,44
0.39879,me,3,1,34,1,9
0.400105,me,3,1,34,1,30
0.435405,me,3,1,34,1,39
0.503765,me,3,1,34,1,45
0.456145,pu,2,1,34,1,11
0.503315,pu,2,1,34,1,20
0.56696,pu,2,1,34,1,26
0.59708,pu,2,1,34,1,44
0.402285,su,3,1,34,1,6
0.499595,su,3,1,34,1,12
0.42051,su,3,1,34,1,33
0.58302,su,3,1,34,1,39
0.416595,ru,1,1,34,1,7
0.64532,ru,1,1,34,1,13
0.535955,ru,1,1,34,1,25
0.385135,ko,3,1,34,1,18
0.50143,ko,3,1,34,1,30
0.338195,ko,3,1,34,1,41
0.776415,re,1,1,34,1,8
0.469145,re,1,1,34,1,13
0.56968,re,1,1,34,1,19
0.421285,re,1,1,34,1,31
0.49545,fu,2,1,34,1,5
0.416535,fu,2,1,34,1,17
0.56736,fu,2,1,34,1,29
0.48509,fu,2,1,34,1,41
0.426545,ni,3,1,34,1,18
0.671335,ni,3,1,34,1,27
0.429025,ni,3,1,34,1,36
0.55708,ni,3,1,34,1,42
0.23289,ge,2,1,34,1,7
0.38586,ge,2,1,34,1,14
0.47712,ge,2,1,34,1,20
0.405505,ge,2,1,34,1,32
0.446085,fe,1,1,34,1,10
0.769285,fe,1,1,34,1,20
0.61176,fe,1,1,34,1,34
0.492925,fe,1,1,34,1,40
0.45498,me,3,2,34,1,15
0.436465,me,3,2,34,1,24
0.39952,me,3,2,34,1,33
0.42232,ti,2,2,34,1,5
0.52695,ti,2,2,34,1,23
0.646115,ti,2,2,34,1,29
0.41822,ti,2,2,34,1,38
0.474445,ta,1,2,34,1,7
0.68681,ta,1,2,34,1,13
0.45485,ta,1,2,34,1,19
0.4878,ta,1,2,34,1,43
0.48622,pu,2,2,34,1,8
0.516485,pu,2,2,34,1,14
0.528125,pu,2,2,34,1,38
0.6895,pu,2,2,34,1,44
0.43583,ko,3,2,34,1,36
0.468295,ko,3,2,34,1,42
0.802905,fe,1,2,34,1,14
0.499575,fe,1,2,34,1,31
0.507945,fe,1,2,34,1,43
0.41604,ge,2,2,34,1,14
0.437735,ge,2,2,34,1,23
0.40752,ge,2,2,34,1,32
0.34135,ge,2,2,34,1,40
0.520135,ru,1,2,34,1,10
0.474635,ru,1,2,34,1,19
0.93497,ru,1,2,34,1,26
0.50666,ru,1,2,34,1,34
0.46181,su,3,2,34,1,12
0.454865,su,3,2,34,1,24
0.62268,su,3,2,34,1,30
0.475105,su,3,2,34,1,45
0.50462,re,1,2,34,1,13
0.42105,re,1,2,34,1,22
0.600085,re,1,2,34,1,31
0.4831,re,1,2,34,1,40
0.595155,ni,3,2,34,1,12
0.493245,ni,3,2,34,1,21
0.46256,ni,3,2,34,1,27
0.70476,ni,3,2,34,1,36
0.57785,fu,2,2,34,1,5
0.75387,fu,2,2,34,1,18
0.435105,fu,2,2,34,1,26
0.66715,fu,2,2,34,1,32
0.449105,pu,2,3,34,1,8
0.19364,pu,2,3,34,1,28
0.48219,pu,2,3,34,1,35
0.43569,pu,2,3,34,1,41
0.38521,ta,1,3,34,1,4
0.53284,ta,1,3,34,1,16
0.430295,ta,1,3,34,1,28
0.854815,ta,1,3,34,1,41
0.32546,me,3,3,34,1,5
0.32214,me,3,3,34,1,17
0.4494,me,3,3,34,1,36
0.815835,fe,1,3,34,1,11
0.764715,fe,1,3,34,1,23
0.90769,fe,1,3,34,1,29
0.503325,fe,1,3,34,1,43
0.55943,ko,3,3,34,1,9
0.29182,ko,3,3,34,1,20
0.44874,ko,3,3,34,1,27
0.428975,ko,3,3,34,1,39
0.54253,ti,2,3,34,1,5
0.490875,ti,2,3,34,1,23
0.605,ti,2,3,34,1,29
0.516465,ti,2,3,34,1,38
0.41995,ni,3,3,34,1,9
0.465595,ni,3,3,34,1,15
0.59688,ni,3,3,34,1,21
0.41737,ni,3,3,34,1,36
0.417475,re,1,3,34,1,4
0.49408,re,1,3,34,1,25
0.503315,re,1,3,34,1,31
0.404385,re,1,3,34,1,40
0.438515,fu,2,3,34,1,8
0.504645,fu,2,3,34,1,14
0.445025,fu,2,3,34,1,20
0.786205,fu,2,3,34,1,45
0.47299,ru,1,3,34,1,4
0.626425,ru,1,3,34,1,25
0.51899,ru,1,3,34,1,34
0.786055,ru,1,3,34,1,44
0.496855,ge,2,3,34,1,8
0.48913,ge,2,3,34,1,29
0.531865,ge,2,3,34,1,38
0.486255,ge,2,3,34,1,44
0.44059,su,3,3,34,1,6
0.444975,su,3,3,34,1,18
0.63606,su,3,3,34,1,24
0.467775,su,3,3,34,1,33
